เพศ,ช่วงอายุ,สถานภาพ,กิจกรรมที่ใช้สมาร์ทโฟนมากที่สุด 3 อันดับ,ท่านใช้แอปพลิเคชันใดบ้างเป็นประจำ?,ท่านใช้สมาร์ทโฟนนานเท่าใดในหนึ่งวัน,สมาร์ทโฟนสำคัญในชีวิตประจำวันอย่างไร,ยี่ห้อสมาร์ทโฟนที่ใช้งานในปัจจุบัน,ปัจจัยที่พิจารณาเมื่อซื้อสมาร์ทโฟนออนไลน์มากที่สุด,ความพึงพอใจจากยี่ห้อสมาร์ทโฟนที่ใช้ในปัจจุบัน,ปัญหาในการซื้อสมาร์ทโฟนออนไลน์,รายได้ต่อเดือน,อาชีพ
ชาย,18-25 ปี,นักเรียน / นักศึกษา,"ดูหนัง / ฟังเพลง, เล่นเกม, ถ่ายรูป ถ่ายวีดีโอ",TikTok,0 - 1 ชั่วโมง,จำเป็นมากที่สุด,Apple,ราคา,5,ความกังวลเกี่ยวกับความปลอดภัยของการชำระเงิน,"น้อยกว่า 15,000 บาท",นักเรียน / นักศึกษา
หญิง,18-25 ปี,นักเรียน / นักศึกษา,"ดูหนัง / ฟังเพลง, เล่นเกม, ถ่ายรูป ถ่ายวีดีโอ",Instagram,มากกว่า 5 ชั่วโมง,จำเป็นมากที่สุด,Apple,ฟีเจอร์สินค้า,4,ความกังวลเกี่ยวกับความปลอดภัยของการชำระเงิน,"น้อยกว่า 15,000 บาท",นักเรียน / นักศึกษา
หญิง,18-25 ปี,โสด,"ติดต่อสื่อสาร / ประชุมงาน, โซเชียลมีเดีย",Instagram,1 - 3 ชั่วโมง,จำเป็น,Apple,ฟีเจอร์สินค้า,4,ความไม่แน่นอนเกี่ยวกับการรับประกันและการบริการหลังการขาย,"15,001 - 20,000 บาท",นักเรียน / นักศึกษา
หญิง,18-25 ปี,โสด,"ติดต่อสื่อสาร / ประชุมงาน, โซเชียลมีเดีย",Instagram,1 - 3 ชั่วโมง,จำเป็น,Apple,ฟีเจอร์สินค้า,4,ไม่สามารถสัมผัสหรือลองสินค้าได้จริง,"15,001 - 20,000 บาท",นักเรียน / นักศึกษา
Lgbtq+,18-25 ปี,โสด,"ดูหนัง / ฟังเพลง, ถ่ายรูป ถ่ายวีดีโอ, โซเชียลมีเดีย",Instagram,3 - 5 ชั่วโมง,จำเป็นมากที่สุด,XIAOMI,รีวิวสินค้า,4,ไม่สามารถสัมผัสหรือลองสินค้าได้จริง,"น้อยกว่า 15,000 บาท",นักเรียน / นักศึกษา
หญิง,18-25 ปี,โสด,"ดูหนัง / ฟังเพลง, เล่นเกม, ติดต่อสื่อสาร / ประชุมงาน",TikTok,มากกว่า 5 ชั่วโมง,จำเป็นมากที่สุด,Samsung,ราคา,5,ความไม่แน่นอนเกี่ยวกับการรับประกันและการบริการหลังการขาย,"น้อยกว่า 15,000 บาท",นักเรียน / นักศึกษา
หญิง,18-25 ปี,โสด,"ดูหนัง / ฟังเพลง, ติดต่อสื่อสาร / ประชุมงาน, โซเชียลมีเดีย",Facebook Messenger,มากกว่า 5 ชั่วโมง,จำเป็นมากที่สุด,Samsung,รีวิวสินค้า,5,ไม่สามารถสัมผัสหรือลองสินค้าได้จริง,"น้อยกว่า 15,000 บาท",นักเรียน / นักศึกษา
หญิง,18-25 ปี,โสด,"ดูหนัง / ฟังเพลง, เล่นเกม, Appication บน cloud",Instagram,3 - 5 ชั่วโมง,จำเป็น,Samsung,ฟีเจอร์สินค้า,3,ความกังวลเกี่ยวกับความปลอดภัยของการชำระเงิน,"น้อยกว่า 15,000 บาท",นักเรียน / นักศึกษา
ชาย,18-25 ปี,โสด,ดูหนัง / ฟังเพลง,YouTube,1 - 3 ชั่วโมง,จำเป็น,Apple,ราคา,3,ความไม่แน่นอนเกี่ยวกับการรับประกันและการบริการหลังการขาย,"20,001 - 30,000 บาท",พนักงานบริษัทเอกชน
Lgbtq+,18-25 ปี,โสด,"ดูหนัง / ฟังเพลง, ถ่ายรูป ถ่ายวีดีโอ, โซเชียลมีเดีย",Instagram,3 - 5 ชั่วโมง,จำเป็นมากที่สุด,Apple,ฟีเจอร์สินค้า,5,ความไม่แน่นอนเกี่ยวกับการรับประกันและการบริการหลังการขาย,"20,001 - 30,000 บาท",นักเรียน / นักศึกษา
ชาย,18-25 ปี,โสด,"ดูหนัง / ฟังเพลง, เล่นเกม, โซเชียลมีเดีย",Instagram,มากกว่า 5 ชั่วโมง,จำเป็นมากที่สุด,Apple,ฟีเจอร์สินค้า,4,ไม่สามารถสัมผัสหรือลองสินค้าได้จริง,"น้อยกว่า 15,000 บาท",นักเรียน / นักศึกษา
หญิง,18-25 ปี,โสด,"ดูหนัง / ฟังเพลง, เล่นเกม, โซเชียลมีเดีย",Facebook,3 - 5 ชั่วโมง,จำเป็นมากที่สุด,Samsung,รีวิวสินค้า,4,ความไม่แน่นอนเกี่ยวกับการรับประกันและการบริการหลังการขาย,"น้อยกว่า 15,000 บาท",นักเรียน / นักศึกษา
ชาย,18-25 ปี,โสด,"ดูหนัง / ฟังเพลง, ถ่ายรูป ถ่ายวีดีโอ, ติดต่อสื่อสาร / ประชุมงาน",Instagram,3 - 5 ชั่วโมง,จำเป็นมากที่สุด,Apple,ฟีเจอร์สินค้า,4,ความไม่แน่นอนเกี่ยวกับการรับประกันและการบริการหลังการขาย,"15,001 - 20,000 บาท",นักเรียน / นักศึกษา
หญิง,18-25 ปี,โสด,"ดูหนัง / ฟังเพลง, โซเชียลมีเดีย",Facebook Messenger,มากกว่า 5 ชั่วโมง,จำเป็นมากที่สุด,Apple,ฟีเจอร์สินค้า,4,ไม่สามารถสัมผัสหรือลองสินค้าได้จริง,"น้อยกว่า 15,000 บาท",นักเรียน / นักศึกษา
หญิง,18-25 ปี,โสด,"ดูหนัง / ฟังเพลง, เล่นเกม, โซเชียลมีเดีย",Instagram,3 - 5 ชั่วโมง,จำเป็นมากที่สุด,Apple,ฟีเจอร์สินค้า,5,ไม่สามารถสัมผัสหรือลองสินค้าได้จริง,"15,001 - 20,000 บาท",นักเรียน / นักศึกษา
ชาย,18-25 ปี,โสด,"ดูหนัง / ฟังเพลง, เล่นเกม, ถ่ายรูป ถ่ายวีดีโอ",Facebook,มากกว่า 5 ชั่วโมง,จำเป็นมากที่สุด,realme,ฟีเจอร์สินค้า,5,ความไม่แน่นอนเกี่ยวกับการรับประกันและการบริการหลังการขาย,"น้อยกว่า 15,000 บาท",นักเรียน / นักศึกษา
หญิง,18-25 ปี,โสด,"ดูหนัง / ฟังเพลง, เล่นเกม, ติดต่อสื่อสาร / ประชุมงาน",Instagram,มากกว่า 5 ชั่วโมง,จำเป็น,Apple,ฟีเจอร์สินค้า,3,ไม่สามารถสัมผัสหรือลองสินค้าได้จริง,"น้อยกว่า 15,000 บาท",นักเรียน / นักศึกษา
ชาย,18-25 ปี,โสด,"ดูหนัง / ฟังเพลง, เล่นเกม, โซเชียลมีเดีย",YouTube,3 - 5 ชั่วโมง,จำเป็น,Samsung,ฟีเจอร์สินค้า,1,ไม่สามารถสัมผัสหรือลองสินค้าได้จริง,"น้อยกว่า 15,000 บาท",นักเรียน / นักศึกษา
หญิง,18-25 ปี,โสด,"ดูหนัง / ฟังเพลง, ถ่ายรูป ถ่ายวีดีโอ, ติดต่อสื่อสาร / ประชุมงาน",TikTok,3 - 5 ชั่วโมง,จำเป็นมากที่สุด,Vivo,ฟีเจอร์สินค้า,4,ความไม่แน่นอนเกี่ยวกับการรับประกันและการบริการหลังการขาย,"น้อยกว่า 15,000 บาท",นักเรียน / นักศึกษา
ชาย,18-25 ปี,โสด,"ดูหนัง / ฟังเพลง, เล่นเกม, โซเชียลมีเดีย",YouTube,3 - 5 ชั่วโมง,จำเป็นมากที่สุด,Apple,รีวิวสินค้า,5,ความไม่แน่นอนเกี่ยวกับการรับประกันและการบริการหลังการขาย,"น้อยกว่า 15,000 บาท",นักเรียน / นักศึกษา
ชาย,18-25 ปี,โสด,"ดูหนัง / ฟังเพลง, เล่นเกม, โซเชียลมีเดีย",Facebook,มากกว่า 5 ชั่วโมง,จำเป็นมากที่สุด,Redmi,ราคา,5,ความล่าช้าในการจัดส่งหรือปัญหาในการจัดส่ง,"น้อยกว่า 15,000 บาท",นักเรียน / นักศึกษา
ชาย,18-25 ปี,โสด,เล่นเกม,Instagram,มากกว่า 5 ชั่วโมง,จำเป็น,Apple,ฟีเจอร์สินค้า,5,ความกังวลเกี่ยวกับความปลอดภัยของการชำระเงิน,"มากกว่า 50,001 บาทขึ้นไป",นักเรียน / นักศึกษา
ชาย,18-25 ปี,โสด,"ดูหนัง / ฟังเพลง, ติดต่อสื่อสาร / ประชุมงาน, โซเชียลมีเดีย",YouTube,3 - 5 ชั่วโมง,จำเป็นมากที่สุด,Vivo,ฟีเจอร์สินค้า,4,ความไม่แน่นอนเกี่ยวกับการรับประกันและการบริการหลังการขาย,"น้อยกว่า 15,000 บาท",นักเรียน / นักศึกษา
ชาย,18-25 ปี,โสด,"ดูหนัง / ฟังเพลง, เล่นเกม, โซเชียลมีเดีย",YouTube,มากกว่า 5 ชั่วโมง,จำเป็นมากที่สุด,Oppo,ราคา,3,ความล่าช้าในการจัดส่งหรือปัญหาในการจัดส่ง,"น้อยกว่า 15,000 บาท",นักเรียน / นักศึกษา
ชาย,18-25 ปี,โสด,"ดูหนัง / ฟังเพลง, ถ่ายรูป ถ่ายวีดีโอ, ติดต่อสื่อสาร / ประชุมงาน",Facebook,มากกว่า 5 ชั่วโมง,จำเป็นมากที่สุด,Samsung,รีวิวสินค้า,4,ความไม่แน่นอนเกี่ยวกับการรับประกันและการบริการหลังการขาย,"น้อยกว่า 15,000 บาท",นักเรียน / นักศึกษา
ชาย,18-25 ปี,โสด,"เล่นเกม, ถ่ายรูป ถ่ายวีดีโอ, Appication บน cloud",Telegram,มากกว่า 5 ชั่วโมง,จำเป็น,Oppo,ราคา,4,ความไม่แน่นอนเกี่ยวกับการรับประกันและการบริการหลังการขาย,"น้อยกว่า 15,000 บาท",นักเรียน / นักศึกษา
ชาย,18-25 ปี,โสด,"ดูหนัง / ฟังเพลง, ติดต่อสื่อสาร / ประชุมงาน, โซเชียลมีเดีย",YouTube,3 - 5 ชั่วโมง,จำเป็น,Samsung,ฟีเจอร์สินค้า,4,ไม่สามารถสัมผัสหรือลองสินค้าได้จริง,"15,001 - 20,000 บาท",นักเรียน / นักศึกษา
ชาย,18-25 ปี,โสด,"ดูหนัง / ฟังเพลง, เล่นเกม, ติดต่อสื่อสาร / ประชุมงาน",Facebook,3 - 5 ชั่วโมง,จำเป็น,Oppo,ฟีเจอร์สินค้า,3,ไม่สามารถสัมผัสหรือลองสินค้าได้จริง,"น้อยกว่า 15,000 บาท",นักเรียน / นักศึกษา
ชาย,18-25 ปี,โสด,"ดูหนัง / ฟังเพลง, เล่นเกม, ติดต่อสื่อสาร / ประชุมงาน",YouTube,มากกว่า 5 ชั่วโมง,จำเป็น,Vivo,ราคา,4,ความไม่แน่นอนเกี่ยวกับการรับประกันและการบริการหลังการขาย,"น้อยกว่า 15,000 บาท",นักเรียน / นักศึกษา
ชาย,18-25 ปี,โสด,"ดูหนัง / ฟังเพลง, เล่นเกม, Appication บน cloud",YouTube,มากกว่า 5 ชั่วโมง,จำเป็น,Apple,ฟีเจอร์สินค้า,4,ความไม่แน่นอนเกี่ยวกับการรับประกันและการบริการหลังการขาย,"น้อยกว่า 15,000 บาท",นักเรียน / นักศึกษา
หญิง,18-25 ปี,โสด,"ดูหนัง / ฟังเพลง, ติดต่อสื่อสาร / ประชุมงาน, โซเชียลมีเดีย",Facebook Messenger,3 - 5 ชั่วโมง,จำเป็น,Apple,รีวิวสินค้า,4,ความล่าช้าในการจัดส่งหรือปัญหาในการจัดส่ง,"น้อยกว่า 15,000 บาท",นักเรียน / นักศึกษา
หญิง,18-25 ปี,โสด,"ดูหนัง / ฟังเพลง, โซเชียลมีเดีย",YouTube,มากกว่า 5 ชั่วโมง,จำเป็น,Apple,ฟีเจอร์สินค้า,4,ความไม่แน่นอนเกี่ยวกับการรับประกันและการบริการหลังการขาย,"น้อยกว่า 15,000 บาท",นักเรียน / นักศึกษา
ชาย,26-32 ปี,สมรส,เล่นเกม,YouTube,มากกว่า 5 ชั่วโมง,จำเป็นมากที่สุด,Apple,ราคา,5,ไม่สามารถสัมผัสหรือลองสินค้าได้จริง,"30,001 - 40,000 บาท",เจ้าของธุรกิจ/ธุรกิจส่วนตัว
หญิง,18-25 ปี,โสด,"เล่นเกม, ถ่ายรูป ถ่ายวีดีโอ, โซเชียลมีเดีย",Instagram,มากกว่า 5 ชั่วโมง,จำเป็น,Samsung,รีวิวสินค้า,5,ความล่าช้าในการจัดส่งหรือปัญหาในการจัดส่ง,"น้อยกว่า 15,000 บาท",นักเรียน / นักศึกษา
ชาย,18-25 ปี,โสด,"ดูหนัง / ฟังเพลง, เล่นเกม",Instagram,มากกว่า 5 ชั่วโมง,จำเป็นมากที่สุด,Vivo,ราคา,5,ความล่าช้าในการจัดส่งหรือปัญหาในการจัดส่ง,"น้อยกว่า 15,000 บาท",นักเรียน / นักศึกษา
ชาย,18-25 ปี,โสด,"ดูหนัง / ฟังเพลง, เล่นเกม, โซเชียลมีเดีย",Instagram,3 - 5 ชั่วโมง,จำเป็นมากที่สุด,XIAOMI,รีวิวสินค้า,4,ความกังวลเกี่ยวกับความปลอดภัยของการชำระเงิน,"น้อยกว่า 15,000 บาท",นักเรียน / นักศึกษา
ชาย,18-25 ปี,โสด,ดูหนัง / ฟังเพลง,YouTube,3 - 5 ชั่วโมง,จำเป็นมากที่สุด,XIAOMI,ราคา,3,ความกังวลเกี่ยวกับความปลอดภัยของการชำระเงิน,"น้อยกว่า 15,000 บาท",นักเรียน / นักศึกษา
หญิง,18-25 ปี,โสด,"ดูหนัง / ฟังเพลง, เล่นเกม, ถ่ายรูป ถ่ายวีดีโอ",YouTube,มากกว่า 5 ชั่วโมง,จำเป็นมากที่สุด,XIAOMI,รีวิวสินค้า,3,ไม่สามารถสัมผัสหรือลองสินค้าได้จริง,"น้อยกว่า 15,000 บาท",นักเรียน / นักศึกษา
หญิง,18-25 ปี,โสด,"ดูหนัง / ฟังเพลง, เล่นเกม, โซเชียลมีเดีย",YouTube,มากกว่า 5 ชั่วโมง,จำเป็นมากที่สุด,Apple,ฟีเจอร์สินค้า,4,ความไม่แน่นอนเกี่ยวกับการรับประกันและการบริการหลังการขาย,"น้อยกว่า 15,000 บาท",นักเรียน / นักศึกษา
หญิง,18-25 ปี,โสด,"ดูหนัง / ฟังเพลง, ถ่ายรูป ถ่ายวีดีโอ, โซเชียลมีเดีย",TikTok,3 - 5 ชั่วโมง,จำเป็นมากที่สุด,Apple,รีวิวสินค้า,3,ความไม่แน่นอนเกี่ยวกับการรับประกันและการบริการหลังการขาย,"น้อยกว่า 15,000 บาท",นักเรียน / นักศึกษา
ชาย,18-25 ปี,โสด,"ดูหนัง / ฟังเพลง, เล่นเกม, โซเชียลมีเดีย",TikTok,มากกว่า 5 ชั่วโมง,จำเป็นมากที่สุด,Samsung,ฟีเจอร์สินค้า,5,ความกังวลเกี่ยวกับความปลอดภัยของการชำระเงิน,"น้อยกว่า 15,000 บาท",นักเรียน / นักศึกษา
ชาย,18-25 ปี,โสด,"ดูหนัง / ฟังเพลง, เล่นเกม, โซเชียลมีเดีย",Facebook,3 - 5 ชั่วโมง,จำเป็นมากที่สุด,Apple,ราคา,5,ความไม่แน่นอนเกี่ยวกับการรับประกันและการบริการหลังการขาย,"น้อยกว่า 15,000 บาท",นักเรียน / นักศึกษา
หญิง,18-25 ปี,โสด,"ดูหนัง / ฟังเพลง, ติดต่อสื่อสาร / ประชุมงาน, โซเชียลมีเดีย","Instagram, YouTube, TikTok",มากกว่า 5 ชั่วโมง,จำเป็นมากที่สุด,Apple,ฟีเจอร์สินค้า,5,ไม่สามารถสัมผัสหรือลองสินค้าได้จริง,"น้อยกว่า 15,000 บาท",นักเรียน / นักศึกษา
หญิง,18-25 ปี,โสด,"Appication บน cloud, ติดต่อสื่อสาร / ประชุมงาน, โซเชียลมีเดีย","Instagram, YouTube, Facebook Messenger, TikTok",มากกว่า 5 ชั่วโมง,จำเป็นมากที่สุด,Apple,รีวิวสินค้า,5,ไม่สามารถสัมผัสหรือลองสินค้าได้จริง,"น้อยกว่า 15,000 บาท",นักเรียน / นักศึกษา
หญิง,18-25 ปี,โสด,"ดูหนัง / ฟังเพลง, ถ่ายรูป ถ่ายวีดีโอ, ติดต่อสื่อสาร / ประชุมงาน","Instagram, YouTube, Spotify, Telegram",3 - 5 ชั่วโมง,จำเป็นมากที่สุด,Apple,ฟีเจอร์สินค้า,4,ไม่สามารถสัมผัสหรือลองสินค้าได้จริง,"น้อยกว่า 15,000 บาท",นักเรียน / นักศึกษา
หญิง,18-25 ปี,โสด,"Appication บน cloud, ติดต่อสื่อสาร / ประชุมงาน, โซเชียลมีเดีย","Instagram, Facebook, Facebook Messenger, TikTok",3 - 5 ชั่วโมง,จำเป็นมากที่สุด,Apple,ฟีเจอร์สินค้า,4,ความกังวลเกี่ยวกับความปลอดภัยของการชำระเงิน,"15,001 - 20,000 บาท",พนักงานข้าราชการ
ชาย,18-25 ปี,โสด,"ดูหนัง / ฟังเพลง, เล่นเกม, โซเชียลมีเดีย","Instagram, Facebook, YouTube, Facebook Messenger, TikTok",มากกว่า 5 ชั่วโมง,จำเป็น,Apple,ฟีเจอร์สินค้า,5,ไม่สามารถสัมผัสหรือลองสินค้าได้จริง,"น้อยกว่า 15,000 บาท",นักเรียน / นักศึกษา
ชาย,18-25 ปี,โสด,"ดูหนัง / ฟังเพลง, เล่นเกม","YouTube, TikTok",มากกว่า 5 ชั่วโมง,จำเป็นมากที่สุด,Samsung,ราคา,3,ความล่าช้าในการจัดส่งหรือปัญหาในการจัดส่ง,"น้อยกว่า 15,000 บาท",นักเรียน / นักศึกษา
ชาย,18-25 ปี,โสด,"ดูหนัง / ฟังเพลง, เล่นเกม, โซเชียลมีเดีย","Facebook, YouTube, Facebook Messenger, TikTok",3 - 5 ชั่วโมง,จำเป็นมากที่สุด,Oppo,ราคา,4,ความไม่แน่นอนเกี่ยวกับการรับประกันและการบริการหลังการขาย,"น้อยกว่า 15,000 บาท",นักเรียน / นักศึกษา
หญิง,26-32 ปี,สมรส,"ดูหนัง / ฟังเพลง, ติดต่อสื่อสาร / ประชุมงาน, โซเชียลมีเดีย","Instagram, Facebook, YouTube, Facebook Messenger",3 - 5 ชั่วโมง,จำเป็นมากที่สุด,Apple,ราคา,5,ไม่สามารถสัมผัสหรือลองสินค้าได้จริง,"20,001 - 30,000 บาท",เจ้าของธุรกิจ/ธุรกิจส่วนตัว
ชาย,18-25 ปี,โสด,"ดูหนัง / ฟังเพลง, เล่นเกม, ติดต่อสื่อสาร / ประชุมงาน","Instagram, Facebook, YouTube, Facebook Messenger, TikTok,0 - 1 ชั่วโมง,จำเป็น,XIAOMI,ฟีเจอร์สินค้า,5,ไม่สามารถสัมผัสหรือลองสินค้าได้จริง,"น้อยกว่า 15,000 บาท",นักเรียน / นักศึกษา
ชาย,18-25 ปี,โสด,"ดูหนัง / ฟังเพลง, ถ่ายรูป ถ่ายวีดีโอ, โซเชียลมีเดีย","Instagram, Facebook, YouTube, Facebook Messenger, Spotify, TikTok",1 - 3 ชั่วโมง,จำเป็น,Apple,รีวิวสินค้า,5,ไม่สามารถสัมผัสหรือลองสินค้าได้จริง,"น้อยกว่า 15,000 บาท",นักเรียน / นักศึกษา
ชาย,18-25 ปี,โสด,"ดูหนัง / ฟังเพลง, เล่นเกม, ถ่ายรูป ถ่ายวีดีโอ","Instagram, YouTube, Facebook Messenger, Spotify, TikTok",1 - 3 ชั่วโมง,จำเป็น,Realme,ฟีเจอร์สินค้า,5,ความไม่แน่นอนเกี่ยวกับการรับประกันและการบริการหลังการขาย,"น้อยกว่า 15,000 บาท",นักเรียน / นักศึกษา
ชาย,18-25 ปี,โสด,"ดูหนัง / ฟังเพลง, เล่นเกม","Instagram, Facebook, YouTube, Facebook Messenger, TikTok",มากกว่า 5 ชั่วโมง,จำเป็นมากที่สุด,Apple,ฟีเจอร์สินค้า,5,ไม่สามารถสัมผัสหรือลองสินค้าได้จริง,"น้อยกว่า 15,000 บาท",นักเรียน / นักศึกษา
ชาย,18-25 ปี,โสด,"ดูหนัง / ฟังเพลง, ติดต่อสื่อสาร / ประชุมงาน, โซเชียลมีเดีย","Instagram, Facebook, YouTube, Facebook Messenger, TikTok",1 - 3 ชั่วโมง,จำเป็นมากที่สุด,Apple,ราคา,4,ไม่สามารถสัมผัสหรือลองสินค้าได้จริง,"น้อยกว่า 15,000 บาท",นักเรียน / นักศึกษา
ชาย,18-25 ปี,โสด,"ดูหนัง / ฟังเพลง, เล่นเกม, โซเชียลมีเดีย","Instagram, Facebook, YouTube, Snapchat, Facebook Messenger, Spotify, TikTok,0 - 1 ชั่วโมง,จำเป็น,Apple,ราคา,4,ความไม่แน่นอนเกี่ยวกับการรับประกันและการบริการหลังการขาย,"น้อยกว่า 15,000 บาท",นักเรียน / นักศึกษา
ชาย,18-25 ปี,โสด,"เล่นเกม, ถ่ายรูป ถ่ายวีดีโอ, โซเชียลมีเดีย","Instagram, Facebook, YouTube, Facebook Messenger, TikTok",มากกว่า 5 ชั่วโมง,จำเป็นมากที่สุด,Apple,รีวิวสินค้า,5,ความไม่แน่นอนเกี่ยวกับการรับประกันและการบริการหลังการขาย,"น้อยกว่า 15,000 บาท",นักเรียน / นักศึกษา
ชาย,18-25 ปี,โสด,"ดูหนัง / ฟังเพลง, เล่นเกม","Instagram, Facebook, YouTube, Facebook Messenger, TikTok",มากกว่า 5 ชั่วโมง,จำเป็น,Realme,รีวิวสินค้า,4,ความกังวลเกี่ยวกับความปลอดภัยของการชำระเงิน,"น้อยกว่า 15,000 บาท",นักเรียน / นักศึกษา
ชาย,18-25 ปี,โสด,"ดูหนัง / ฟังเพลง, เล่นเกม, โซเชียลมีเดีย","Instagram, Facebook, YouTube, Facebook Messenger, Spotify, WhatsApp, TikTok, Telegram",มากกว่า 5 ชั่วโมง,จำเป็นมากที่สุด,Apple,ราคา,4,ความกังวลเกี่ยวกับความปลอดภัยของการชำระเงิน,"น้อยกว่า 15,000 บาท",นักเรียน / นักศึกษา
ชาย,18-25 ปี,โสด,"ดูหนัง / ฟังเพลง, เล่นเกม, โซเชียลมีเดีย","Instagram, Facebook, YouTube, Facebook Messenger, TikTok",มากกว่า 5 ชั่วโมง,จำเป็นมากที่สุด,Realme,ฟีเจอร์สินค้า,5,ความล่าช้าในการจัดส่งหรือปัญหาในการจัดส่ง,"น้อยกว่า 15,000 บาท",นักเรียน / นักศึกษา
ชาย,18-25 ปี,โสด,"เล่นเกม, ถ่ายรูป ถ่ายวีดีโอ, Appication บน cloud","Instagram, Facebook, YouTube, Facebook Messenger, Spotify, TikTok, Telegram",1 - 3 ชั่วโมง,จำเป็น,Apple,รีวิวสินค้า,5,ความไม่แน่นอนเกี่ยวกับการรับประกันและการบริการหลังการขาย,"น้อยกว่า 15,000 บาท",นักเรียน / นักศึกษา
ชาย,18-25 ปี,โสด,"ถ่ายรูป ถ่ายวีดีโอ, ติดต่อสื่อสาร / ประชุมงาน, โซเชียลมีเดีย","Instagram, Facebook, Facebook Messenger, TikTok, Telegram",มากกว่า 5 ชั่วโมง,จำเป็นมากที่สุด,Apple,ราคา,4,ไม่สามารถสัมผัสหรือลองสินค้าได้จริง,"น้อยกว่า 15,000 บาท",นักเรียน / นักศึกษา
ชาย,18-25 ปี,โสด,"ดูหนัง / ฟังเพลง, เล่นเกม, โซเชียลมีเดีย","Instagram, Facebook, YouTube, Facebook Messenger, TikTok",มากกว่า 5 ชั่วโมง,จำเป็น,Apple,รีวิวสินค้า,5,ความไม่แน่นอนเกี่ยวกับการรับประกันและการบริการหลังการขาย,"น้อยกว่า 15,000 บาท",นักเรียน / นักศึกษา
หญิง,18-25 ปี,สมรส,"ดูหนัง / ฟังเพลง, ถ่ายรูป ถ่ายวีดีโอ, โซเชียลมีเดีย","Instagram, Facebook, Facebook Messenger, Spotify, TikTok",มากกว่า 5 ชั่วโมง,จำเป็นมากที่สุด,หัวเหว่ย,ราคา,5,ไม่สามารถสัมผัสหรือลองสินค้าได้จริง,"น้อยกว่า 15,000 บาท",นักเรียน / นักศึกษา
ชาย,18-25 ปี,โสด,"ดูหนัง / ฟังเพลง, เล่นเกม, โซเชียลมีเดีย","Facebook, YouTube, Facebook Messenger, Spotify",3 - 5 ชั่วโมง,จำเป็น,Apple,ราคา,4,ไม่สามารถสัมผัสหรือลองสินค้าได้จริง,"น้อยกว่า 15,000 บาท",นักเรียน / นักศึกษา
หญิง,18-25 ปี,โสด,"ดูหนัง / ฟังเพลง, ติดต่อสื่อสาร / ประชุมงาน, โซเชียลมีเดีย","Instagram, Facebook, YouTube, Facebook Messenger",มากกว่า 5 ชั่วโมง,จำเป็นมากที่สุด,XIAOMI,รีวิวสินค้า,2,ความไม่แน่นอนเกี่ยวกับการรับประกันและการบริการหลังการขาย,"น้อยกว่า 15,000 บาท",นักเรียน / นักศึกษา
ชาย,26-32 ปี,สมรส,"เล่นเกม, ถ่ายรูป ถ่ายวีดีโอ, โซเชียลมีเดีย","Instagram, Facebook, YouTube, Facebook Messenger, TikTok",มากกว่า 5 ชั่วโมง,จำเป็นมากที่สุด,Apple,ฟีเจอร์สินค้า,5,ความไม่แน่นอนเกี่ยวกับการรับประกันและการบริการหลังการขาย,"30,001 - 40,000 บาท",พนักงานข้าราชการ
หญิง,18-25 ปี,โสด,"ดูหนัง / ฟังเพลง, เล่นเกม, โซเชียลมีเดีย","Instagram, Facebook, YouTube, Facebook Messenger, Spotify, TikTok",มากกว่า 5 ชั่วโมง,จำเป็นมากที่สุด,Samsung,รีวิวสินค้า,4,ความกังวลเกี่ยวกับความปลอดภัยของการชำระเงิน,"น้อยกว่า 15,000 บาท",นักเรียน / นักศึกษา
หญิง,18-25 ปี,โสด,"ดูหนัง / ฟังเพลง, เล่นเกม, โซเชียลมีเดีย","Instagram, Facebook Messenger, TikTok",มากกว่า 5 ชั่วโมง,จำเป็นมากที่สุด,XIAOMI,ฟีเจอร์สินค้า,3,ไม่สามารถสัมผัสหรือลองสินค้าได้จริง,"น้อยกว่า 15,000 บาท",นักเรียน / นักศึกษา
หญิง,18-25 ปี,โสด,"ดูหนัง / ฟังเพลง, ถ่ายรูป ถ่ายวีดีโอ","Instagram, Facebook, YouTube, Facebook Messenger, Spotify, TikTok",มากกว่า 5 ชั่วโมง,จำเป็นมากที่สุด,Apple,ราคา,4,ความไม่แน่นอนเกี่ยวกับการรับประกันและการบริการหลังการขาย,"น้อยกว่า 15,000 บาท",นักเรียน / นักศึกษา
หญิง,18-25 ปี,โสด,"ดูหนัง / ฟังเพลง, เล่นเกม, โซเชียลมีเดีย",TikTok,3 - 5 ชั่วโมง,จำเป็น,Apple,รีวิวสินค้า,4,ความกังวลเกี่ยวกับความปลอดภัยของการชำระเงิน,"น้อยกว่า 15,000 บาท",นักเรียน / นักศึกษา
ชาย,18-25 ปี,โสด,"ดูหนัง / ฟังเพลง, เล่นเกม, โซเชียลมีเดีย","Instagram, Spotify, TikTok",มากกว่า 5 ชั่วโมง,จำเป็น,Apple,รีวิวสินค้า,4,ความกังวลเกี่ยวกับความปลอดภัยของการชำระเงิน,"น้อยกว่า 15,000 บาท",นักเรียน / นักศึกษา
หญิง,18-25 ปี,โสด,"ดูหนัง / ฟังเพลง, เล่นเกม, โซเชียลมีเดีย","Instagram, Facebook, YouTube",3 - 5 ชั่วโมง,จำเป็นมากที่สุด,Apple,ฟีเจอร์สินค้า,4,ไม่สามารถสัมผัสหรือลองสินค้าได้จริง,"น้อยกว่า 15,000 บาท",นักเรียน / นักศึกษา
ชาย,18-25 ปี,โสด,"ดูหนัง / ฟังเพลง, เล่นเกม, ถ่ายรูป ถ่ายวีดีโอ","Instagram, Facebook, YouTube, Facebook Messenger, TikTok",มากกว่า 5 ชั่วโมง,จำเป็นมากที่สุด,Apple,ฟีเจอร์สินค้า,4,ความไม่แน่นอนเกี่ยวกับการรับประกันและการบริการหลังการขาย,"น้อยกว่า 15,000 บาท",นักเรียน / นักศึกษา
หญิง,18-25 ปี,โสด,"ดูหนัง / ฟังเพลง, ถ่ายรูป ถ่ายวีดีโอ, โซเชียลมีเดีย","Instagram, YouTube, TikTok",มากกว่า 5 ชั่วโมง,จำเป็นมากที่สุด,Apple,ฟีเจอร์สินค้า,4,ไม่สามารถสัมผัสหรือลองสินค้าได้จริง,"น้อยกว่า 15,000 บาท",นักเรียน / นักศึกษา
ชาย,18-25 ปี,โสด,"ดูหนัง / ฟังเพลง, เล่นเกม, โซเชียลมีเดีย","Instagram, Facebook, YouTube, Facebook Messenger, TikTok",3 - 5 ชั่วโมง,จำเป็น,Apple,ฟีเจอร์สินค้า,4,ไม่สามารถสัมผัสหรือลองสินค้าได้จริง,"น้อยกว่า 15,000 บาท",นักเรียน / นักศึกษา
ชาย,18-25 ปี,โสด,"ดูหนัง / ฟังเพลง, ติดต่อสื่อสาร / ประชุมงาน, โซเชียลมีเดีย","Instagram, Facebook, YouTube, Facebook Messenger, TikTok",มากกว่า 5 ชั่วโมง,จำเป็นมากที่สุด,Samsung,รีวิวสินค้า,4,ไม่สามารถสัมผัสหรือลองสินค้าได้จริง,"น้อยกว่า 15,000 บาท",นักเรียน / นักศึกษา
ชาย,18-25 ปี,โสด,"ดูหนัง / ฟังเพลง, เล่นเกม","Facebook, YouTube",มากกว่า 5 ชั่วโมง,จำเป็นมากที่สุด,HUAWEI,ฟีเจอร์สินค้า,3,ไม่สามารถสัมผัสหรือลองสินค้าได้จริง,"น้อยกว่า 15,000 บาท",นักเรียน / นักศึกษา
ชาย,18-25 ปี,โสด,"ดูหนัง / ฟังเพลง, เล่นเกม, โซเชียลมีเดีย","Instagram, Facebook, YouTube, Facebook Messenger, Spotify, TikTok",มากกว่า 5 ชั่วโมง,จำเป็น,Vivo,ฟีเจอร์สินค้า,4,ความกังวลเกี่ยวกับความปลอดภัยของการชำระเงิน,"น้อยกว่า 15,000 บาท",นักเรียน / นักศึกษา
หญิง,18-25 ปี,โสด,"ดูหนัง / ฟังเพลง, ถ่ายรูป ถ่ายวีดีโอ, ติดต่อสื่อสาร / ประชุมงาน","Instagram, YouTube, Facebook Messenger, TikTok",3 - 5 ชั่วโมง,จำเป็นมากที่สุด,Apple,ราคา,5,ความกังวลเกี่ยวกับความปลอดภัยของการชำระเงิน,"15,001 - 20,000 บาท",เจ้าของธุรกิจ/ธุรกิจส่วนตัว
หญิง,18-25 ปี,โสด,ดูหนัง / ฟังเพลง,"Instagram, YouTube, TikTok",3 - 5 ชั่วโมง,จำเป็นมากที่สุด,Apple,ฟีเจอร์สินค้า,4,ความกังวลเกี่ยวกับความปลอดภัยของการชำระเงิน,"น้อยกว่า 15,000 บาท",นักเรียน / นักศึกษา
หญิง,18-25 ปี,โสด,ดูหนัง / ฟังเพลง,Instagram,มากกว่า 5 ชั่วโมง,จำเป็นมากที่สุด,Realme,ฟีเจอร์สินค้า,5,ไม่สามารถสัมผัสหรือลองสินค้าได้จริง,"น้อยกว่า 15,000 บาท",นักเรียน / นักศึกษา
ชาย,18-25 ปี,โสด,"ดูหนัง / ฟังเพลง, ติดต่อสื่อสาร / ประชุมงาน, โซเชียลมีเดีย","Instagram, Facebook, YouTube, Facebook Messenger, Spotify, TikTok, Telegram",1 - 3 ชั่วโมง,จำเป็นมากที่สุด,เครื่องคิดเลข,ฟีเจอร์สินค้า,5,ความกังวลเกี่ยวกับความปลอดภัยของการชำระเงิน,"15,001 - 20,000 บาท",นักเรียน / นักศึกษา
ชาย,18-25 ปี,โสด,"ดูหนัง / ฟังเพลง, เล่นเกม, โซเชียลมีเดีย","Instagram, Facebook, YouTube, Facebook Messenger, Spotify",มากกว่า 5 ชั่วโมง,จำเป็น,Samsung,รีวิวสินค้า,4,ไม่สามารถสัมผัสหรือลองสินค้าได้จริง,"น้อยกว่า 15,000 บาท",นักเรียน / นักศึกษา
ชาย,18-25 ปี,โสด,"ดูหนัง / ฟังเพลง, เล่นเกม, โซเชียลมีเดีย","Instagram, Facebook, YouTube, Facebook Messenger, TikTok",มากกว่า 5 ชั่วโมง,จำเป็น,XIAOMI,ฟีเจอร์สินค้า,3,ไม่สามารถสัมผัสหรือลองสินค้าได้จริง,"น้อยกว่า 15,000 บาท",นักเรียน / นักศึกษา
ชาย,18-25 ปี,โสด,"ดูหนัง / ฟังเพลง, เล่นเกม, โซเชียลมีเดีย","Facebook, YouTube, Facebook Messenger",3 - 5 ชั่วโมง,จำเป็น,Samsung,ราคา,4,ความกังวลเกี่ยวกับความปลอดภัยของการชำระเงิน,"น้อยกว่า 15,000 บาท",นักเรียน / นักศึกษา
หญิง,33-40 ปี,สมรส,"ดูหนัง / ฟังเพลง, ถ่ายรูป ถ่ายวีดีโอ, ติดต่อสื่อสาร / ประชุมงาน","Facebook, YouTube, Facebook Messenger, TikTok",มากกว่า 5 ชั่วโมง,จำเป็นมากที่สุด,Huawei,ฟีเจอร์สินค้า,4,ไม่สามารถสัมผัสหรือลองสินค้าได้จริง,"20,001 - 30,000 บาท",พนักงานบริษัทเอกชน
ชาย,18-25 ปี,โสด,"ดูหนัง / ฟังเพลง, เล่นเกม, โซเชียลมีเดีย","Instagram, Facebook, Facebook Messenger, TikTok, Telegram",มากกว่า 5 ชั่วโมง,จำเป็น,Oppo,ฟีเจอร์สินค้า,3,ความไม่แน่นอนเกี่ยวกับการรับประกันและการบริการหลังการขาย,"น้อยกว่า 15,000 บาท",นักเรียน / นักศึกษา
ชาย,18-25 ปี,โสด,"ดูหนัง / ฟังเพลง, เล่นเกม, ติดต่อสื่อสาร / ประชุมงาน","Instagram, Facebook, YouTube, Facebook Messenger, TikTok, Telegram",มากกว่า 5 ชั่วโมง,จำเป็นมากที่สุด,XIAOMI,ฟีเจอร์สินค้า,2,ความไม่แน่นอนเกี่ยวกับการรับประกันและการบริการหลังการขาย,"น้อยกว่า 15,000 บาท",นักเรียน / นักศึกษา
หญิง,18-25 ปี,โสด,"ดูหนัง / ฟังเพลง, ติดต่อสื่อสาร / ประชุมงาน, โซเชียลมีเดีย","Instagram, Facebook, YouTube, Facebook Messenger, Spotify, TikTok",มากกว่า 5 ชั่วโมง,จำเป็น,Samsung,รีวิวสินค้า,4,ความไม่แน่นอนเกี่ยวกับการรับประกันและการบริการหลังการขาย,"น้อยกว่า 15,000 บาท",นักเรียน / นักศึกษา
ชาย,18-25 ปี,โสด,"ดูหนัง / ฟังเพลง, เล่นเกม, โซเชียลมีเดีย","Instagram, Facebook, YouTube, Facebook Messenger, TikTok",มากกว่า 5 ชั่วโมง,จำเป็นมากที่สุด,Apple,ฟีเจอร์สินค้า,5,ความไม่แน่นอนเกี่ยวกับการรับประกันและการบริการหลังการขาย,"น้อยกว่า 15,000 บาท",นักเรียน / นักศึกษา
หญิง,18-25 ปี,โสด,"ดูหนัง / ฟังเพลง, ถ่ายรูป ถ่ายวีดีโอ, โซเชียลมีเดีย","Instagram, YouTube, Spotify, TikTok",3 - 5 ชั่วโมง,จำเป็นมากที่สุด,Apple,ฟีเจอร์สินค้า,5,ความกังวลเกี่ยวกับความปลอดภัยของการชำระเงิน,"น้อยกว่า 15,000 บาท",นักเรียน / นักศึกษา
หญิง,18-25 ปี,โสด,"ดูหนัง / ฟังเพลง, ถ่ายรูป ถ่ายวีดีโอ, โซเชียลมีเดีย","Instagram, TikTok",มากกว่า 5 ชั่วโมง,จำเป็นมากที่สุด,Apple,รีวิวสินค้า,5,ไม่สามารถสัมผัสหรือลองสินค้าได้จริง,"น้อยกว่า 15,000 บาท",นักเรียน / นักศึกษา
หญิง,18-25 ปี,โสด,"ดูหนัง / ฟังเพลง, ถ่ายรูป ถ่ายวีดีโอ, โซเชียลมีเดีย","Instagram, Facebook, YouTube, Facebook Messenger, Spotify, TikTok",มากกว่า 5 ชั่วโมง,จำเป็น,Apple,ฟีเจอร์สินค้า,4,ความกังวลเกี่ยวกับความปลอดภัยของการชำระเงิน,"น้อยกว่า 15,000 บาท",นักเรียน / นักศึกษา
หญิง,26-35 ปี,โสด,"ประชุมออนไลน์,จัดการตารางงาน,อีเมล",Microsoft Teams,3-5 ชั่วโมง,จำเป็นมากที่สุด,Apple,ระบบนิเวศอุปกรณ์,5,ราคาสูง,"50,001-100,000 บาท",ผู้จัดการ
ชาย,18-25 ปี,นักเรียน/นักศึกษา,"เล่นเกมEsports,สตรีมเกม,แชทชุมชน",Discord,มากกว่า 5 ชั่วโมง,จำเป็นมากที่สุด,Realme,ประสิทธิภาพ,4,เครื่องร้อนบ่อย,"น้อยกว่า 15,000 บาท",นักเรียน/นักศึกษา
หญิง,36-45 ปี,สมรส,"ช้อปปิ้งออนไลน์,ตรวจสอบการขนส่ง,แชทลูกค้า",LINE,1-3 ชั่วโมง,จำเป็น,Samsung,ความน่าเชื่อถือ,4,การคืนสินค้ายุ่งยาก,"30,001-50,000 บาท",แม่บ้าน
Lgbtq+,18-25 ปี,โสด,"ถ่ายภาพศิลปะ,ตัดต่อวีดีโอ,อัปโหลดสตอรี่,VSCO",5-6 ชั่วโมง,จำเป็นมากที่สุด,Vivo,คุณภาพเซ็นเซอร์,5,ไม่มี,"20,001-30,000 บาท",ศิลปิน
ชาย,46-55 ปี,สมรส,"อ่านข่าว,ตรวจหุ้น,การเงิน,ตลาดหลักทรัพย์",0-1 ชั่วโมง,ไม่สำคัญ,Oppo,ความเรียบง่าย,3,ระบบล้าสมัย,"100,001-150,000 บาท",นักลงทุน
หญิง,56 ปีขึ้นไป,สมรส,"พูดคุยครอบครัว,อ่านหนังสืออิเล็กทรอนิกส์,ฟังวิทยุ",Facebook,0-1 ชั่วโมง,ไม่สำคัญ,Other,ราคา,2,ไม่มี,"น้อยกว่า 15,000 บาท",เกษียณ
ชาย,26-35 ปี,โสด,"ถ่ายภาพสินค้า,ตัดต่อรีวิว,ตลาดออนไลน์",Shopee,3-5 ชั่วโมง,จำเป็น,XIAOMI,ความคุ้มค่า,4,กล้องไม่คมชัด,"25,001-35,000 บาท",ผู้ขายออนไลน์
หญิง,18-25 ปี,นักเรียน/นักศึกษา,"ติ๊กต็อก,ไลฟ์สตรีม,ค้นหาข้อมูล",TikTok,มากกว่า 5 ชั่วโมง,จำเป็นมากที่สุด,Apple,แบรนด์,5,พื้นที่เก็บข้อมูลไม่พอ,"น้อยกว่า 15,000 บาท",นักเรียน/นักศึกษา
ชาย,36-45 ปี,สมรส,"นำทางGPS,ตรวจสอบสภาพรถ,ฟังพอดแคสต์",Google Maps,1-3 ชั่วโมง,จำเป็น,Samsung,ความทนทาน,4,หน้าจอมีจุดตาย,"50,001-100,000 บาท",พนักงานขับส่ง
หญิง,18-25 ปี,โสด,"ดูหนัง / ฟังเพลง, ถ่ายรูป ถ่ายวีดีโอ, โซเชียลมีเดีย","Instagram, TikTok",มากกว่า 5 ชั่วโมง,จำเป็นมากที่สุด,Apple,รีวิวสินค้า,4,ความกังวลเกี่ยวกับความปลอดภัยของการชำระเงิน,"น้อยกว่า 15,000 บาท",นักเรียน / นักศึกษา
หญิง,18-25 ปี,โสด,"ดูหนัง / ฟังเพลง, เล่นเกม, โซเชียลมีเดีย","Instagram, Facebook, YouTube, Facebook Messenger, TikTok, Line",มากกว่า 5 ชั่วโมง,จำเป็น,Oppo,รีวิวสินค้า,5,ไม่สามารถสัมผัสหรือลองสินค้าได้จริง,"น้อยกว่า 15,000 บาท",นักเรียน / นักศึกษา
หญิง,18-25 ปี,โสด,"Appication บน cloud, ติดต่อสื่อสาร / ประชุมงาน, โซเชียลมีเดีย","Instagram, Facebook, Facebook Messenger, TikTok, LINE",มากกว่า 5 ชั่วโมง,จำเป็นมากที่สุด,Apple,ราคา,5,ไม่สามารถสัมผัสหรือลองสินค้าได้จริง,"20,001 - 30,000 บาท",นักเรียน / นักศึกษา
หญิง,18-25 ปี,โสด,"ดูหนัง / ฟังเพลง, เล่นเกม, โซเชียลมีเดีย","Instagram, Facebook, YouTube, Facebook Messenger, Spotify, TikTok",มากกว่า 5 ชั่วโมง,จำเป็นมากที่สุด,Samsung,ฟีเจอร์สินค้า,5,ความไม่แน่นอนเกี่ยวกับการรับประกันและการบริการหลังการขาย,"น้อยกว่า 15,000 บาท",นักเรียน / นักศึกษา
หญิง,26-32 ปี,โสด,"ดูหนัง / ฟังเพลง, เล่นเกม, ถ่ายรูป ถ่ายวีดีโอ","Instagram, Facebook, YouTube, Facebook Messenger, TikTok",1 - 3 ชั่วโมง,จำเป็น,Apple,รีวิวสินค้า,4,ความกังวลเกี่ยวกับความปลอดภัยของการชำระเงิน,"น้อยกว่า 15,000 บาท",เจ้าของธุรกิจ/ธุรกิจส่วนตัว
หญิง,26-32 ปี,โสด,"ถ่ายรูป ถ่ายวีดีโอ, ติดต่อสื่อสาร / ประชุมงาน, โซเชียลมีเดีย","Instagram, Facebook, YouTube, Facebook Messenger, Spotify, TikTok",มากกว่า 5 ชั่วโมง,จำเป็น,Apple,รีวิวสินค้า,4,ไม่สามารถสัมผัสหรือลองสินค้าได้จริง,"20,001 - 30,000 บาท",เจ้าของธุรกิจ/ธุรกิจส่วนตัว
ชาย,18-25 ปี,โสด,"ดูหนัง / ฟังเพลง, เล่นเกม, โซเชียลมีเดีย","Instagram, Facebook, YouTube, Facebook Messenger, Telegram",3 - 5 ชั่วโมง,จำเป็น,XIAOMI,ราคา,4,ความไม่แน่นอนเกี่ยวกับการรับประกันและการบริการหลังการขาย,"น้อยกว่า 15,000 บาท",นักเรียน / นักศึกษา
หญิง,18-25 ปี,โสด,"ดูหนัง / ฟังเพลง, ถ่ายรูป ถ่ายวีดีโอ","Instagram, Facebook, YouTube, TikTok",มากกว่า 5 ชั่วโมง,จำเป็นมากที่สุด,Apple,ราคา,4,ความกังวลเกี่ยวกับความปลอดภัยของการชำระเงิน,"น้อยกว่า 15,000 บาท",นักเรียน / นักศึกษา
หญิง,18-25 ปี,โสด,"ดูหนัง / ฟังเพลง, เล่นเกม, โซเชียลมีเดีย","Instagram, Facebook, YouTube, Facebook Messenger, Spotify, TikTok",3 - 5 ชั่วโมง,จำเป็นมากที่สุด,Apple,รีวิวสินค้า,5,ไม่สามารถสัมผัสหรือลองสินค้าได้จริง,"น้อยกว่า 15,000 บาท",นักเรียน / นักศึกษา
ชาย,18-25 ปี,โสด,"ดูหนัง / ฟังเพลง, เล่นเกม, โซเชียลมีเดีย","Instagram, Facebook Messenger, TikTok",1 - 3 ชั่วโมง,จำเป็น,Vivo,รีวิวสินค้า,4,ไม่สามารถสัมผัสหรือลองสินค้าได้จริง,"15,001 - 20,000 บาท",เจ้าของธุรกิจ/ธุรกิจส่วนตัว
ชาย,18-25 ปี,โสด,"ดูหนัง / ฟังเพลง, เล่นเกม, โซเชียลมีเดีย","Instagram, Facebook, YouTube, Facebook Messenger, Spotify, TikTok, Telegram",มากกว่า 5 ชั่วโมง,จำเป็นมากที่สุด,XIAOMI,ราคา,4,ความไม่แน่นอนเกี่ยวกับการรับประกันและการบริการหลังการขาย,"น้อยกว่า 15,000 บาท",นักเรียน / นักศึกษา
ชาย,18-25 ปี,โสด,"ดูหนัง / ฟังเพลง, ถ่ายรูป ถ่ายวีดีโอ","Instagram, Facebook, YouTube, Facebook Messenger, TikTok",มากกว่า 5 ชั่วโมง,จำเป็น,Apple,ราคา,4,ความไม่แน่นอนเกี่ยวกับการรับประกันและการบริการหลังการขาย,"น้อยกว่า 15,000 บาท",นักเรียน / นักศึกษา
หญิง,18-25 ปี,โสด,"ดูหนัง / ฟังเพลง, ติดต่อสื่อสาร / ประชุมงาน, โซเชียลมีเดีย","Instagram, Facebook, YouTube, Facebook Messenger, TikTok",มากกว่า 5 ชั่วโมง,จำเป็นมากที่สุด,Apple,ฟีเจอร์สินค้า,4,ความกังวลเกี่ยวกับความปลอดภัยของการชำระเงิน,"น้อยกว่า 15,000 บาท",นักเรียน / นักศึกษา
หญิง,18-25 ปี,โสด,"ดูหนัง / ฟังเพลง, เล่นเกม, ถ่ายรูป ถ่ายวีดีโอ","Instagram, Facebook, YouTube, Facebook Messenger, Spotify, TikTok",มากกว่า 5 ชั่วโมง,จำเป็นมากที่สุด,Samsung,ราคา,5,ความไม่แน่นอนเกี่ยวกับการรับประกันและการบริการหลังการขาย,"น้อยกว่า 15,000 บาท",นักเรียน / นักศึกษา
ชาย,18-25 ปี,โสด,"ดูหนัง / ฟังเพลง, เล่นเกม, โซเชียลมีเดีย","Instagram, Facebook, YouTube, Facebook Messenger, TikTok, Telegram",มากกว่า 5 ชั่วโมง,จำเป็นมากที่สุด,Apple,ฟีเจอร์สินค้า,5,ไม่สามารถสัมผัสหรือลองสินค้าได้จริง,"น้อยกว่า 15,000 บาท",นักเรียน / นักศึกษา
ชาย,26-32 ปี,โสด,"ดูหนัง / ฟังเพลง, ติดต่อสื่อสาร / ประชุมงาน, โซเชียลมีเดีย","Instagram, Facebook, YouTube, Facebook Messenger, TikTok",มากกว่า 5 ชั่วโมง,จำเป็น,Samsung,ฟีเจอร์สินค้า,4,ความไม่แน่นอนเกี่ยวกับการรับประกันและการบริการหลังการขาย,"30,001 - 40,000 บาท",เจ้าของธุรกิจ/ธุรกิจส่วนตัว
ชาย,18-25 ปี,โสด,"ดูหนัง / ฟังเพลง, เล่นเกม, โซเชียลมีเดีย","Instagram, Facebook, YouTube, Facebook Messenger, TikTok",มากกว่า 5 ชั่วโมง,จำเป็นมากที่สุด,Samsung,รีวิวสินค้า,3,ความไม่แน่นอนเกี่ยวกับการรับประกันและการบริการหลังการขาย,"น้อยกว่า 15,000 บาท",นักเรียน / นักศึกษา
ชาย,26-32 ปี,โสด,"ดูหนัง / ฟังเพลง, เล่นเกม",YouTube,มากกว่า 5 ชั่วโมง,จำเป็น,Apple,ฟีเจอร์สินค้า,4,ความกังวลเกี่ยวกับความปลอดภัยของการชำระเงิน,"15,001 - 20,000 บาท",เจ้าของธุรกิจ/ธุรกิจส่วนตัว
ชาย,18-25 ปี,โสด,"ดูหนัง / ฟังเพลง, เล่นเกม","Instagram, Facebook, YouTube, Facebook Messenger, TikTok",มากกว่า 5 ชั่วโมง,จำเป็นมากที่สุด,Apple,ฟีเจอร์สินค้า,5,ไม่สามารถสัมผัสหรือลองสินค้าได้จริง,"น้อยกว่า 15,000 บาท",นักเรียน / นักศึกษา
ชาย,18-25 ปี,โสด,"ดูหนัง / ฟังเพลง, เล่นเกม, ถ่ายรูป ถ่ายวีดีโอ","Instagram, Facebook, TikTok",มากกว่า 5 ชั่วโมง,จำเป็นมากที่สุด,Apple,ฟีเจอร์สินค้า,4,ไม่สามารถสัมผัสหรือลองสินค้าได้จริง,"น้อยกว่า 15,000 บาท",นักเรียน / นักศึกษา
ชาย,18-25 ปี,โสด,"ดูหนัง / ฟังเพลง, เล่นเกม, ถ่ายรูป ถ่ายวีดีโอ","Instagram, Facebook, YouTube, Facebook Messenger, Spotify, TikTok",3 - 5 ชั่วโมง,จำเป็น,Apple,ราคา,5,ความกังวลเกี่ยวกับความปลอดภัยของการชำระเงิน,"น้อยกว่า 15,000 บาท",นักเรียน / นักศึกษา
ชาย,18-25 ปี,โสด,"ถ่ายรูป ถ่ายวีดีโอ, ติดต่อสื่อสาร / ประชุมงาน, โซเชียลมีเดีย","Instagram, Facebook, YouTube, Facebook Messenger, Spotify, TikTok, Telegram",มากกว่า 5 ชั่วโมง,จำเป็น,Apple,ฟีเจอร์สินค้า,5,ไม่สามารถสัมผัสหรือลองสินค้าได้จริง,"น้อยกว่า 15,000 บาท",นักเรียน / นักศึกษา
ชาย,18-25 ปี,โสด,"ดูหนัง / ฟังเพลง, เล่นเกม, โซเชียลมีเดีย","Instagram, Facebook Messenger, TikTok",มากกว่า 5 ชั่วโมง,จำเป็น,Apple,ฟีเจอร์สินค้า,4,ความกังวลเกี่ยวกับความปลอดภัยของการชำระเงิน,"น้อยกว่า 15,000 บาท",นักเรียน / นักศึกษา
หญิง,18-25 ปี,โสด,"ดูหนัง / ฟังเพลง, เล่นเกม, โซเชียลมีเดีย","Instagram, Facebook, YouTube, Facebook Messenger, TikTok, Line, X",มากกว่า 5 ชั่วโมง,จำเป็นมากที่สุด,Vivo,ฟีเจอร์สินค้า,5,ความกังวลเกี่ยวกับความปลอดภัยของการชำระเงิน,"น้อยกว่า 15,000 บาท",นักเรียน / นักศึกษา
ชาย,18-25 ปี,โสด,"ดูหนัง / ฟังเพลง, ถ่ายรูป ถ่ายวีดีโอ, ติดต่อสื่อสาร / ประชุมงาน","Instagram, Facebook, YouTube, Facebook Messenger, Telegram",1 - 3 ชั่วโมง,จำเป็น,Realme 7 5G,ฟีเจอร์สินค้า,3,ความกังวลเกี่ยวกับความปลอดภัยของการชำระเงิน,"น้อยกว่า 15,000 บาท",นักเรียน / นักศึกษา
ชาย,18-25 ปี,โสด,"ดูหนัง / ฟังเพลง, เล่นเกม, ถ่ายรูป ถ่ายวีดีโอ","Instagram, Facebook, YouTube, Facebook Messenger, Spotify, TikTok",1 - 3 ชั่วโมง,จำเป็น,XIAOMI,รีวิวสินค้า,4,ความไม่แน่นอนเกี่ยวกับการรับประกันและการบริการหลังการขาย,"น้อยกว่า 15,000 บาท",นักเรียน / นักศึกษา
ชาย,18-25 ปี,โสด,ดูหนัง / ฟังเพลง,"Instagram, Facebook, YouTube, Snapchat, Facebook Messenger, Spotify, WhatsApp, TikTok",3 - 5 ชั่วโมง,จำเป็นมากที่สุด,Apple,ราคา,3,ความกังวลเกี่ยวกับความปลอดภัยของการชำระเงิน,"น้อยกว่า 15,000 บาท",นักเรียน / นักศึกษา
ชาย,18-25 ปี,โสด,"ดูหนัง / ฟังเพลง, เล่นเกม, โซเชียลมีเดีย","Instagram, Facebook, YouTube, Facebook Messenger",มากกว่า 5 ชั่วโมง,จำเป็นมากที่สุด,Samsung,ราคา,3,ความกังวลเกี่ยวกับความปลอดภัยของการชำระเงิน,"น้อยกว่า 15,000 บาท",นักเรียน / นักศึกษา
ชาย,18-25 ปี,โสด,ดูหนัง / ฟังเพลง,"YouTube, Facebook Messenger, Discord, Wise",มากกว่า 5 ชั่วโมง,จำเป็น,Apple,ฟีเจอร์สินค้า,4,ไม่สามารถสัมผัสหรือลองสินค้าได้จริง,"มากกว่า 50,001 บาทขึ้นไป",เจ้าของธุรกิจ/ธุรกิจส่วนตัว
หญิง,18-25 ปี,โสด,"ดูหนัง / ฟังเพลง, เล่นเกม, ติดต่อสื่อสาร / ประชุมงาน","Instagram, Facebook, YouTube, Spotify, TikTok",มากกว่า 5 ชั่วโมง,จำเป็นมากที่สุด,Apple,ราคา,4,ไม่สามารถสัมผัสหรือลองสินค้าได้จริง,"น้อยกว่า 15,000 บาท",นักเรียน / นักศึกษา
ชาย,18-25 ปี,โสด,"ดูหนัง / ฟังเพลง, ถ่ายรูป ถ่ายวีดีโอ, ติดต่อสื่อสาร / ประชุมงาน","Instagram, Facebook, YouTube, Facebook Messenger, Spotify",มากกว่า 5 ชั่วโมง,จำเป็นมากที่สุด,Oppo,ราคา,4,ความไม่แน่นอนเกี่ยวกับการรับประกันและการบริการหลังการขาย,"น้อยกว่า 15,000 บาท",นักเรียน / นักศึกษา
หญิง,18-25 ปี,โสด,"ดูหนัง / ฟังเพลง, ติดต่อสื่อสาร / ประชุมงาน, โซเชียลมีเดีย","Instagram, Facebook, YouTube, Facebook Messenger, TikTok",มากกว่า 5 ชั่วโมง,จำเป็นมากที่สุด,Realme,ฟีเจอร์สินค้า,5,ความกังวลเกี่ยวกับความปลอดภัยของการชำระเงิน,"น้อยกว่า 15,000 บาท",นักเรียน / นักศึกษา
ชาย,18-25 ปี,โสด,"ดูหนัง / ฟังเพลง, เล่นเกม, โซเชียลมีเดีย","Facebook, YouTube, Facebook Messenger",1 - 3 ชั่วโมง,จำเป็น,Oppo,ราคา,4,ไม่สามารถสัมผัสหรือลองสินค้าได้จริง,"น้อยกว่า 15,000 บาท",นักเรียน / นักศึกษา
ชาย,18-25 ปี,สมรส,"ดูหนัง / ฟังเพลง, โซเชียลมีเดีย","Instagram, Facebook, YouTube, Facebook Messenger, TikTok",1 - 3 ชั่วโมง,จำเป็นมากที่สุด,Samsung,รีวิวสินค้า,4,ความกังวลเกี่ยวกับความปลอดภัยของการชำระเงิน,"น้อยกว่า 15,000 บาท",พนักงานโรงงานอุตสาหกรรม
หญิง,26-32 ปี,โสด,"ดูหนัง / ฟังเพลง, เล่นเกม, ติดต่อสื่อสาร / ประชุมงาน","Facebook, Facebook Messenger, Spotify",มากกว่า 5 ชั่วโมง,จำเป็นมากที่สุด,Apple,ฟีเจอร์สินค้า,3,ไม่สามารถสัมผัสหรือลองสินค้าได้จริง,"น้อยกว่า 15,000 บาท",พนักงานบริษัทเอกชน
ชาย,18-25 ปี,โสด,"ดูหนัง / ฟังเพลง, ถ่ายรูป ถ่ายวีดีโอ, โซเชียลมีเดีย","Instagram, Facebook, YouTube, Facebook Messenger",3 - 5 ชั่วโมง,จำเป็น,Samsung,ฟีเจอร์สินค้า,4,ความไม่แน่นอนเกี่ยวกับการรับประกันและการบริการหลังการขาย,"น้อยกว่า 15,000 บาท",นักเรียน / นักศึกษา
หญิง,18-25 ปี,โสด,ดูหนัง / ฟังเพลง,"Instagram, Facebook, Facebook Messenger, TikTok",1 - 3 ชั่วโมง,จำเป็นมากที่สุด,Oppo,รีวิวสินค้า,3,ความไม่แน่นอนเกี่ยวกับการรับประกันและการบริการหลังการขาย,"น้อยกว่า 15,000 บาท",นักเรียน / นักศึกษา
ชาย,18-25 ปี,โสด,"ดูหนัง / ฟังเพลง, เล่นเกม, โซเชียลมีเดีย","Instagram, Facebook, YouTube, Facebook Messenger, Spotify, TikTok",มากกว่า 5 ชั่วโมง,จำเป็นมากที่สุด,infinix,ฟีเจอร์สินค้า,4,ความไม่แน่นอนเกี่ยวกับการรับประกันและการบริการหลังการขาย,"น้อยกว่า 15,000 บาท",นักเรียน / นักศึกษา
ชาย,60 ปีขึ้นไป,แยกกันอยู่,"เล่นเกม, ถ่ายรูป ถ่ายวีดีโอ","Instagram, Facebook, YouTube, Snapchat, Facebook Messenger, Spotify, WhatsApp, TikTok, Telegram",มากกว่า 5 ชั่วโมง,ไม่จำเป็น,Apple,ฟีเจอร์สินค้า,4,ความล่าช้าในการจัดส่งหรือปัญหาในการจัดส่ง,"มากกว่า 50,001 บาทขึ้นไป",นักเรียน / นักศึกษา
ชาย,18-25 ปี,โสด,เล่นเกม,WhatsApp,0 - 1 ชั่วโมง,ไม่จำเป็น,Samsung,ฟีเจอร์สินค้า,2,ความล่าช้าในการจัดส่งหรือปัญหาในการจัดส่ง,"มากกว่า 50,001 บาทขึ้นไป",พนักงานโรงงานอุตสาหกรรม
หญิง,18-25 ปี,โสด,ดูหนัง / ฟังเพลง,"Instagram, Facebook, TikTok",มากกว่า 5 ชั่วโมง,จำเป็นมากที่สุด,Apple,ฟีเจอร์สินค้า,4,ความกังวลเกี่ยวกับความปลอดภัยของการชำระเงิน,"น้อยกว่า 15,000 บาท",นักเรียน / นักศึกษา
ชาย,18-25 ปี,นักเรียน/นักศึกษา,"เล่นเกม,ถ่ายรูป,ดูหนัง",TikTok,0-1 ชั่วโมง,จำเป็น,XIAOMI,ราคา,3,ไม่สามารถสัมผัสสินค้าก่อนซื้อได้,"น้อยกว่า 15,000 บาท",นักเรียน/นักศึกษา
หญิง,26-35 ปี,โสด,"ดูหนัง,ถ่ายรูป,ฟังเพลง",Facebook,1-3 ชั่วโมง,จำเป็น,XIAOMI,ฟีเจอร์สินค้า,2,ความไม่แน่นอนในการรับประกัน,"15,001-20,000 บาท",พนักงานออฟฟิศ
ชาย,26-35 ปี,โสด,"เล่นเกม,สตรีมมิ่ง,ถ่ายรูปถ่ายวีดีโอ",YouTube,3-5 ชั่วโมง,จำเป็นมากที่สุด,Vivo,ฟีเจอร์,4,ไม่สามารถสัมผัสหรือลองสินค้าได้จริง,"20,001-30,000 บาท",พนักงานออฟฟิศ
หญิง,18-25 ปี,นักเรียน/นักศึกษา,"โซเชียลมีเดีย,ถ่ายรูปถ่ายวีดีโอ,ดูหนัง/ฟังเพลง",Instagram,มากกว่า 5 ชั่วโมง,จำเป็น,Vivo,ดีไซน์,5,ความกังวลเกี่ยวกับความปลอดภัยของการชำระเงิน,"น้อยกว่า 15,000 บาท",นักเรียน/นักศึกษา
หญิง,36-45 ปี,สมรส,"ติดต่อสื่อสาร/ประชุมงาน,อีเมล,การเงิน",LINE,1-3 ชั่วโมง,ค่อนข้างสำคัญ,Oppo,ราคา,3,การเปรียบเทียบราคายาก,"30,001-50,000 บาท",ธุรกิจส่วนตัว
ชาย,18-25 ปี,นักเรียน/นักศึกษา,"เล่นเกม,สตรีมมิ่ง,โซเชียลมีเดีย",TikTok,มากกว่า 5 ชั่วโมง,จำเป็นมากที่สุด,Realme,ประสิทธิภาพ,4,การจัดส่งล่าช้า,"น้อยกว่า 15,000 บาท",นักเรียน/นักศึกษา
หญิง,26-35 ปี,โสด,"ถ่ายรูปถ่ายวีดีโอ,ดูหนัง/ฟังเพลง,ช้อปปิ้งออนไลน์",Shopee,3-5 ชั่วโมง,จำเป็น,XIAOMI,ความคุ้มค่า,5,คุณภาพสินค้าไม่ตรงตามที่โฆษณา,"15,001-20,000 บาท",ฟรีแลนซ์
Lgbtq+,18-25 ปี,โสด,"สตรีมมิ่ง,ถ่ายรูปถ่ายวีดีโอ,แก้ไขวีดีโอ",CapCut,5-6 ชั่วโมง,จำเป็นมากที่สุด,Vivo,กล้อง,4,การรับประกันไม่ครอบคลุม,"น้อยกว่า 15,000 บาท",นักสร้างคอนเทนต์
ชาย,46-55 ปี,สมรส,"อีเมล,ข่าวสาร,การเงิน",Gmail,0-1 ชั่วโมง,ไม่สำคัญ,Oppo,ความทนทาน,2,ไม่มีปัญหา,"50,001-100,000 บาท",ข้าราชการ
หญิง,26-35 ปี,สมรส,"ช้อปปิ้งออนไลน์,โซเชียลมีเดีย,การเงิน",Facebook,1-3 ชั่วโมง,ค่อนข้างสำคัญ,Realme,แบตเตอรี่,4,การคืนสินค้ายุ่งยาก,"20,001-30,000 บาท",แม่บ้าน
หญิง,36-45 ปี,สมรส,"ตรวจสอบการขนส่ง,แชทลูกค้า,อีเมล",Shopee,1 - 3 ชั่วโมง,จำเป็น,Oppo,ความเสถียร,3,ระบบค้างบ่อย,"15,001-20,000 บาท",พนักงานขนส่ง
หญิง,18-25 ปี,โสด,"ถ่ายรูป ถ่ายวีดีโอ, ติดต่อสื่อสาร / ประชุมงาน, โซเชียลมีเดีย","Facebook, Facebook Messenger, Line",3 - 5 ชั่วโมง,จำเป็นมากที่สุด,Apple,ฟีเจอร์สินค้า,5,ความไม่แน่นอนเกี่ยวกับการรับประกันและการบริการหลังการขาย,"30,001 - 40,000 บาท",เจ้าของธุรกิจ/ธุรกิจส่วนตัว
ชาย,18-25 ปี,นักเรียน/นักศึกษา,"เล่นเกม,ถ่ายรูป,ดูหนัง",TikTok,0-1 ชั่วโมง,จำเป็น,XIAOMI,ราคา,3,ไม่สามารถสัมผัสสินค้าก่อนซื้อได้,"น้อยกว่า 15,000 บาท",นักเรียน/นักศึกษา
หญิง,26-35 ปี,โสด,"ดูหนัง,ถ่ายรูป,ฟังเพลง",Facebook,1-3 ชั่วโมง,จำเป็น,XIAOMI,ฟีเจอร์สินค้า,2,ความไม่แน่นอนในการรับประกัน,"15,001-20,000 บาท",พนักงานออฟฟิศ
ชาย,26-35 ปี,โสด,"เล่นเกม,สตรีมมิ่ง,ถ่ายรูปถ่ายวีดีโอ",YouTube,3-5 ชั่วโมง,จำเป็นมากที่สุด,Vivo,ฟีเจอร์,4,ไม่สามารถสัมผัสหรือลองสินค้าได้จริง,"20,001-30,000 บาท",พนักงานออฟฟิศ
หญิง,18-25 ปี,นักเรียน/นักศึกษา,"โซเชียลมีเดีย,ถ่ายรูปถ่ายวีดีโอ,ดูหนัง/ฟังเพลง",Instagram,มากกว่า 5 ชั่วโมง,จำเป็น,Vivo,ดีไซน์,5,ความกังวลเกี่ยวกับความปลอดภัยของการชำระเงิน,"น้อยกว่า 15,000 บาท",นักเรียน/นักศึกษา
หญิง,36-45 ปี,สมรส,"ติดต่อสื่อสาร/ประชุมงาน,อีเมล,การเงิน",LINE,1-3 ชั่วโมง,ค่อนข้างสำคัญ,Oppo,ราคา,3,การเปรียบเทียบราคายาก,"30,001-50,000 บาท",ธุรกิจส่วนตัว
ชาย,18-25 ปี,นักเรียน/นักศึกษา,"เล่นเกม,สตรีมมิ่ง,โซเชียลมีเดีย",TikTok,มากกว่า 5 ชั่วโมง,จำเป็นมากที่สุด,Realme,ประสิทธิภาพ,4,การจัดส่งล่าช้า,"น้อยกว่า 15,000 บาท",นักเรียน/นักศึกษา
หญิง,26-35 ปี,โสด,"ถ่ายรูปถ่ายวีดีโอ,ดูหนัง/ฟังเพลง,ช้อปปิ้งออนไลน์",Shopee,3-5 ชั่วโมง,จำเป็น,XIAOMI,ความคุ้มค่า,5,คุณภาพสินค้าไม่ตรงตามที่โฆษณา,"15,001-20,000 บาท",ฟรีแลนซ์
Lgbtq+,18-25 ปี,โสด,"สตรีมมิ่ง,ถ่ายรูปถ่ายวีดีโอ,แก้ไขวีดีโอ",CapCut,5-6 ชั่วโมง,จำเป็นมากที่สุด,Vivo,กล้อง,4,การรับประกันไม่ครอบคลุม,"น้อยกว่า 15,000 บาท",นักสร้างคอนเทนต์
ชาย,46-55 ปี,สมรส,"อีเมล,ข่าวสาร,การเงิน",Gmail,0-1 ชั่วโมง,ไม่สำคัญ,Oppo,ความทนทาน,2,ไม่มีปัญหา,"50,001-100,000 บาท",ข้าราชการ
หญิง,26-35 ปี,สมรส,"ช้อปปิ้งออนไลน์,โซเชียลมีเดีย,การเงิน",Facebook,1-3 ชั่วโมง,ค่อนข้างสำคัญ,Realme,แบตเตอรี่,4,การคืนสินค้ายุ่งยาก,"20,001-30,000 บาท",แม่บ้าน
หญิง,36-45 ปี,สมรส,"ตรวจสอบการขนส่ง,แชทลูกค้า,อีเมล",Shopee,1 - 3 ชั่วโมง,จำเป็น,Oppo,ความเสถียร,3,ระบบค้างบ่อย,"15,001-20,000 บาท",พนักงานขนส่ง
ชาย,26-32 ปี,โสด,"ถ่ายรูป ถ่ายวีดีโอ, ติดต่อสื่อสาร / ประชุมงาน, โซเชียลมีเดีย","Facebook, Facebook Messenger, Line",3 - 5 ชั่วโมง,จำเป็นมากที่สุด,Apple,ฟีเจอร์สินค้า,5,ความไม่แน่นอนเกี่ยวกับการรับประกันและการบริการหลังการขาย,"30,001 - 40,000 บาท",เจ้าของธุรกิจ/ธุรกิจส่วนตัว
ชาย,26-32 ปี,โสด,"ถ่ายรูป ถ่ายวีดีโอ, ติดต่อสื่อสาร / ประชุมงาน, โซเชียลมีเดีย","Facebook, Facebook Messenger, Line",3 - 5 ชั่วโมง,จำเป็นมากที่สุด,Apple,ฟีเจอร์สินค้า,5,ความไม่แน่นอนเกี่ยวกับการรับประกันและการบริการหลังการขาย,"30,001 - 40,000 บาท",เจ้าของธุรกิจ/ธุรกิจส่วนตัว
ชาย,18-25 ปี,นักเรียน/นักศึกษา,"เล่นเกม,ถ่ายรูป,ดูหนัง",TikTok,0-1 ชั่วโมง,จำเป็น,XIAOMI,ราคา,3,ไม่สามารถสัมผัสสินค้าก่อนซื้อได้,"น้อยกว่า 15,000 บาท",นักเรียน/นักศึกษา
หญิง,26-35 ปี,โสด,"ดูหนัง,ถ่ายรูป,ฟังเพลง",Facebook,1-3 ชั่วโมง,จำเป็น,XIAOMI,ฟีเจอร์สินค้า,2,ความไม่แน่นอนในการรับประกัน,"15,001-20,000 บาท",พนักงานออฟฟิศ
ชาย,26-35 ปี,โสด,"เล่นเกม,สตรีมมิ่ง,ถ่ายรูปถ่ายวีดีโอ",YouTube,3-5 ชั่วโมง,จำเป็นมากที่สุด,Vivo,ฟีเจอร์,4,ไม่สามารถสัมผัสหรือลองสินค้าได้จริง,"20,001-30,000 บาท",พนักงานออฟฟิศ
หญิง,18-25 ปี,นักเรียน/นักศึกษา,"โซเชียลมีเดีย,ถ่ายรูปถ่ายวีดีโอ,ดูหนัง/ฟังเพลง",Instagram,มากกว่า 5 ชั่วโมง,จำเป็น,Vivo,ดีไซน์,5,ความกังวลเกี่ยวกับความปลอดภัยของการชำระเงิน,"น้อยกว่า 15,000 บาท",นักเรียน/นักศึกษา
หญิง,36-45 ปี,สมรส,"ติดต่อสื่อสาร/ประชุมงาน,อีเมล,การเงิน",LINE,1-3 ชั่วโมง,ค่อนข้างสำคัญ,Oppo,ราคา,3,การเปรียบเทียบราคายาก,"30,001-50,000 บาท",ธุรกิจส่วนตัว
ชาย,18-25 ปี,นักเรียน/นักศึกษา,"เล่นเกม,สตรีมมิ่ง,โซเชียลมีเดีย",TikTok,มากกว่า 5 ชั่วโมง,จำเป็นมากที่สุด,Realme,ประสิทธิภาพ,4,การจัดส่งล่าช้า,"น้อยกว่า 15,000 บาท",นักเรียน/นักศึกษา
หญิง,26-35 ปี,โสด,"ถ่ายรูปถ่ายวีดีโอ,ดูหนัง/ฟังเพลง,ช้อปปิ้งออนไลน์",Shopee,3-5 ชั่วโมง,จำเป็น,XIAOMI,ความคุ้มค่า,5,คุณภาพสินค้าไม่ตรงตามที่โฆษณา,"15,001-20,000 บาท",ฟรีแลนซ์
Lgbtq+,18-25 ปี,โสด,"สตรีมมิ่ง,ถ่ายรูปถ่ายวีดีโอ,แก้ไขวีดีโอ",CapCut,5-6 ชั่วโมง,จำเป็นมากที่สุด,Vivo,กล้อง,4,การรับประกันไม่ครอบคลุม,"น้อยกว่า 15,000 บาท",นักสร้างคอนเทนต์
ชาย,46-55 ปี,สมรส,"อีเมล,ข่าวสาร,การเงิน",Gmail,0-1 ชั่วโมง,ไม่สำคัญ,Oppo,ความทนทาน,2,ไม่มีปัญหา,"50,001-100,000 บาท",ข้าราชการ
หญิง,26-35 ปี,สมรส,"ช้อปปิ้งออนไลน์,โซเชียลมีเดีย,การเงิน",Facebook,1-3 ชั่วโมง,ค่อนข้างสำคัญ,Realme,แบตเตอรี่,4,การคืนสินค้ายุ่งยาก,"20,001-30,000 บาท",แม่บ้าน
หญิง,36-45 ปี,สมรส,"ตรวจสอบการขนส่ง,แชทลูกค้า,อีเมล",Shopee,1 - 3 ชั่วโมง,จำเป็น,Oppo,ความเสถียร,3,ระบบค้างบ่อย,"15,001-20,000 บาท",พนักงานขนส่ง
หญิง,26-32 ปี,โสด,"ถ่ายรูป ถ่ายวีดีโอ, ติดต่อสื่อสาร / ประชุมงาน, โซเชียลมีเดีย","Facebook, Facebook Messenger, Line",3 - 5 ชั่วโมง,จำเป็นมากที่สุด,Apple,ฟีเจอร์สินค้า,5,ความไม่แน่นอนเกี่ยวกับการรับประกันและการบริการหลังการขาย,"30,001 - 40,000 บาท",เจ้าของธุรกิจ/ธุรกิจส่วนตัว
หญิง,26-32 ปี,โสด,"ถ่ายรูป ถ่ายวีดีโอ, ติดต่อสื่อสาร / ประชุมงาน, โซเชียลมีเดีย","Facebook, Facebook Messenger, Line",3 - 5 ชั่วโมง,จำเป็นมากที่สุด,Apple,ฟีเจอร์สินค้า,5,ความไม่แน่นอนเกี่ยวกับการรับประกันและการบริการหลังการขาย,"30,001 - 40,000 บาท",เจ้าของธุรกิจ/ธุรกิจส่วนตัว
ชาย,18-25 ปี,นักเรียน/นักศึกษา,"เล่นเกม,ถ่ายรูป,ดูหนัง",TikTok,0-1 ชั่วโมง,จำเป็น,XIAOMI,ราคา,3,ไม่สามารถสัมผัสสินค้าก่อนซื้อได้,"น้อยกว่า 15,000 บาท",นักเรียน/นักศึกษา
หญิง,26-35 ปี,โสด,"ดูหนัง,ถ่ายรูป,ฟังเพลง",Facebook,1-3 ชั่วโมง,จำเป็น,XIAOMI,ฟีเจอร์สินค้า,2,ความไม่แน่นอนในการรับประกัน,"15,001-20,000 บาท",พนักงานออฟฟิศ
ชาย,26-35 ปี,โสด,"เล่นเกม,สตรีมมิ่ง,ถ่ายรูปถ่ายวีดีโอ",YouTube,3-5 ชั่วโมง,จำเป็นมากที่สุด,Vivo,ฟีเจอร์,4,ไม่สามารถสัมผัสหรือลองสินค้าได้จริง,"20,001-30,000 บาท",พนักงานออฟฟิศ
หญิง,18-25 ปี,นักเรียน/นักศึกษา,"โซเชียลมีเดีย,ถ่ายรูปถ่ายวีดีโอ,ดูหนัง/ฟังเพลง",Instagram,มากกว่า 5 ชั่วโมง,จำเป็น,Vivo,ดีไซน์,5,ความกังวลเกี่ยวกับความปลอดภัยของการชำระเงิน,"น้อยกว่า 15,000 บาท",นักเรียน/นักศึกษา
หญิง,36-45 ปี,สมรส,"ติดต่อสื่อสาร/ประชุมงาน,อีเมล,การเงิน",LINE,1-3 ชั่วโมง,ค่อนข้างสำคัญ,Oppo,ราคา,3,การเปรียบเทียบราคายาก,"30,001-50,000 บาท",ธุรกิจส่วนตัว
ชาย,18-25 ปี,นักเรียน/นักศึกษา,"เล่นเกม,สตรีมมิ่ง,โซเชียลมีเดีย",TikTok,มากกว่า 5 ชั่วโมง,จำเป็นมากที่สุด,Realme,ประสิทธิภาพ,4,การจัดส่งล่าช้า,"น้อยกว่า 15,000 บาท",นักเรียน/นักศึกษา
หญิง,26-35 ปี,โสด,"ถ่ายรูปถ่ายวีดีโอ,ดูหนัง/ฟังเพลง,ช้อปปิ้งออนไลน์",Shopee,3-5 ชั่วโมง,จำเป็น,XIAOMI,ความคุ้มค่า,5,คุณภาพสินค้าไม่ตรงตามที่โฆษณา,"15,001-20,000 บาท",ฟรีแลนซ์
Lgbtq+,18-25 ปี,โสด,"สตรีมมิ่ง,ถ่ายรูปถ่ายวีดีโอ,แก้ไขวีดีโอ",CapCut,5-6 ชั่วโมง,จำเป็นมากที่สุด,Vivo,กล้อง,4,การรับประกันไม่ครอบคลุม,"น้อยกว่า 15,000 บาท",นักสร้างคอนเทนต์
ชาย,46-55 ปี,สมรส,"อีเมล,ข่าวสาร,การเงิน",Gmail,0-1 ชั่วโมง,ไม่สำคัญ,Oppo,ความทนทาน,2,ไม่มีปัญหา,"50,001-100,000 บาท",ข้าราชการ
หญิง,26-35 ปี,สมรส,"ช้อปปิ้งออนไลน์,โซเชียลมีเดีย,การเงิน",Facebook,1-3 ชั่วโมง,ค่อนข้างสำคัญ,Realme,แบตเตอรี่,4,การคืนสินค้ายุ่งยาก,"20,001-30,000 บาท",แม่บ้าน
หญิง,36-45 ปี,สมรส,"ตรวจสอบการขนส่ง,แชทลูกค้า,อีเมล",Shopee,1 - 3 ชั่วโมง,จำเป็น,Oppo,ความเสถียร,3,ระบบค้างบ่อย,"15,001-20,000 บาท",พนักงานขนส่ง
หญิง,26-32 ปี,โสด,"ถ่ายรูป ถ่ายวีดีโอ, ติดต่อสื่อสาร / ประชุมงาน, โซเชียลมีเดีย","Facebook, Facebook Messenger, Line",3 - 5 ชั่วโมง,จำเป็นมากที่สุด,Apple,ฟีเจอร์สินค้า,5,ความไม่แน่นอนเกี่ยวกับการรับประกันและการบริการหลังการขาย,"30,001 - 40,000 บาท",เจ้าของธุรกิจ/ธุรกิจส่วนตัว
หญิง,26-32 ปี,โสด,"ถ่ายรูป ถ่ายวีดีโอ, ติดต่อสื่อสาร / ประชุมงาน, โซเชียลมีเดีย","Facebook, Facebook Messenger, Line",3 - 5 ชั่วโมง,จำเป็นมากที่สุด,Apple,ฟีเจอร์สินค้า,5,ความไม่แน่นอนเกี่ยวกับการรับประกันและการบริการหลังการขาย,"30,001 - 40,000 บาท",เจ้าของธุรกิจ/ธุรกิจส่วนตัว
ชาย,18-25 ปี,โสด,"เล่นเกม, ถ่ายรูป ถ่ายวีดีโอ, โซเชียลมีเดีย","Facebook, Facebook Messenger, Spotify, TikTok",3 - 5 ชั่วโมง,จำเป็นมากที่สุด,Apple,ฟีเจอร์สินค้า,5,ไม่สามารถสัมผัสหรือลองสินค้าได้จริง,"20,001 - 30,000 บาท",นักเรียน / นักศึกษา
ชาย,18-25 ปี,นักเรียน/นักศึกษา,"เล่นเกม,ถ่ายรูป,ดูหนัง",TikTok,0-1 ชั่วโมง,จำเป็น,XIAOMI,ราคา,3,ไม่สามารถสัมผัสสินค้าก่อนซื้อได้,"น้อยกว่า 15,000 บาท",นักเรียน/นักศึกษา
หญิง,26-35 ปี,โสด,"ดูหนัง,ถ่ายรูป,ฟังเพลง",Facebook,1-3 ชั่วโมง,จำเป็น,XIAOMI,ฟีเจอร์สินค้า,2,ความไม่แน่นอนในการรับประกัน,"15,001-20,000 บาท",พนักงานออฟฟิศ
ชาย,26-35 ปี,โสด,"เล่นเกม,สตรีมมิ่ง,ถ่ายรูปถ่ายวีดีโอ",YouTube,3-5 ชั่วโมง,จำเป็นมากที่สุด,Vivo,ฟีเจอร์,4,ไม่สามารถสัมผัสหรือลองสินค้าได้จริง,"20,001-30,000 บาท",พนักงานออฟฟิศ
หญิง,18-25 ปี,นักเรียน/นักศึกษา,"โซเชียลมีเดีย,ถ่ายรูปถ่ายวีดีโอ,ดูหนัง/ฟังเพลง",Instagram,มากกว่า 5 ชั่วโมง,จำเป็น,Vivo,ดีไซน์,5,ความกังวลเกี่ยวกับความปลอดภัยของการชำระเงิน,"น้อยกว่า 15,000 บาท",นักเรียน/นักศึกษา
หญิง,36-45 ปี,สมรส,"ติดต่อสื่อสาร/ประชุมงาน,อีเมล,การเงิน",LINE,1-3 ชั่วโมง,ค่อนข้างสำคัญ,Oppo,ราคา,3,การเปรียบเทียบราคายาก,"30,001-50,000 บาท",ธุรกิจส่วนตัว
ชาย,18-25 ปี,นักเรียน/นักศึกษา,"เล่นเกม,สตรีมมิ่ง,โซเชียลมีเดีย",TikTok,มากกว่า 5 ชั่วโมง,จำเป็นมากที่สุด,Realme,ประสิทธิภาพ,4,การจัดส่งล่าช้า,"น้อยกว่า 15,000 บาท",นักเรียน/นักศึกษา
หญิง,26-35 ปี,โสด,"ถ่ายรูปถ่ายวีดีโอ,ดูหนัง/ฟังเพลง,ช้อปปิ้งออนไลน์",Shopee,3-5 ชั่วโมง,จำเป็น,XIAOMI,ความคุ้มค่า,5,คุณภาพสินค้าไม่ตรงตามที่โฆษณา,"15,001-20,000 บาท",ฟรีแลนซ์
Lgbtq+,18-25 ปี,โสด,"สตรีมมิ่ง,ถ่ายรูปถ่ายวีดีโอ,แก้ไขวีดีโอ",CapCut,5-6 ชั่วโมง,จำเป็นมากที่สุด,Vivo,กล้อง,4,การรับประกันไม่ครอบคลุม,"น้อยกว่า 15,000 บาท",นักสร้างคอนเทนต์
ชาย,46-55 ปี,สมรส,"อีเมล,ข่าวสาร,การเงิน",Gmail,0-1 ชั่วโมง,ไม่สำคัญ,Oppo,ความทนทาน,2,ไม่มีปัญหา,"50,001-100,000 บาท",ข้าราชการ
หญิง,26-35 ปี,สมรส,"ช้อปปิ้งออนไลน์,โซเชียลมีเดีย,การเงิน",Facebook,1-3 ชั่วโมง,ค่อนข้างสำคัญ,Realme,แบตเตอรี่,4,การคืนสินค้ายุ่งยาก,"20,001-30,000 บาท",แม่บ้าน
หญิง,36-45 ปี,สมรส,"ตรวจสอบการขนส่ง,แชทลูกค้า,อีเมล",Shopee,1 - 3 ชั่วโมง,จำเป็น,Oppo,ความเสถียร,3,ระบบค้างบ่อย,"15,001-20,000 บาท",พนักงานขนส่ง
ชาย,18-25 ปี,โสด,"เล่นเกม, ถ่ายรูป ถ่ายวีดีโอ, โซเชียลมีเดีย","Facebook, Facebook Messenger, Spotify, TikTok",3 - 5 ชั่วโมง,จำเป็นมากที่สุด,Apple,ฟีเจอร์สินค้า,5,ไม่สามารถสัมผัสหรือลองสินค้าได้จริง,"20,001 - 30,000 บาท",นักเรียน / นักศึกษา
ชาย,18-25 ปี,โสด,"เล่นเกม, ถ่ายรูป ถ่ายวีดีโอ, โซเชียลมีเดีย","Facebook, Facebook Messenger, Spotify, TikTok",3 - 5 ชั่วโมง,จำเป็นมากที่สุด,Apple,ฟีเจอร์สินค้า,5,ไม่สามารถสัมผัสหรือลองสินค้าได้จริง,"20,001 - 30,000 บาท",นักเรียน / นักศึกษา
ชาย,18-25 ปี,โสด,"เล่นเกม, ถ่ายรูป ถ่ายวีดีโอ, โซเชียลมีเดีย","Facebook, Facebook Messenger, Spotify, TikTok",3 - 5 ชั่วโมง,จำเป็นมากที่สุด,Apple,ฟีเจอร์สินค้า,5,ไม่สามารถสัมผัสหรือลองสินค้าได้จริง,"20,001 - 30,000 บาท",นักเรียน / นักศึกษา
Lgbtq+,18-25 ปี,โสด,"ดูหนัง / ฟังเพลง, ถ่ายรูป ถ่ายวีดีโอ, โซเชียลมีเดีย","Instagram, Facebook, Facebook Messenger, Spotify, TikTok",มากกว่า 5 ชั่วโมง,จำเป็นมากที่สุด,Apple,ฟีเจอร์สินค้า,5,ไม่สามารถสัมผัสหรือลองสินค้าได้จริง,"15,001 - 20,000 บาท",นักเรียน / นักศึกษา
ชาย,18-25 ปี,นักเรียน/นักศึกษา,"เล่นเกม,ถ่ายรูป,ดูหนัง",TikTok,0-1 ชั่วโมง,จำเป็น,XIAOMI,ราคา,3,ไม่สามารถสัมผัสสินค้าก่อนซื้อได้,"น้อยกว่า 15,000 บาท",นักเรียน/นักศึกษา
หญิง,26-35 ปี,โสด,"ดูหนัง,ถ่ายรูป,ฟังเพลง",Facebook,1-3 ชั่วโมง,จำเป็น,XIAOMI,ฟีเจอร์สินค้า,2,ความไม่แน่นอนในการรับประกัน,"15,001-20,000 บาท",พนักงานออฟฟิศ
ชาย,26-35 ปี,โสด,"เล่นเกม,สตรีมมิ่ง,ถ่ายรูปถ่ายวีดีโอ",YouTube,3-5 ชั่วโมง,จำเป็นมากที่สุด,Vivo,ฟีเจอร์,4,ไม่สามารถสัมผัสหรือลองสินค้าได้จริง,"20,001-30,000 บาท",พนักงานออฟฟิศ
หญิง,18-25 ปี,นักเรียน/นักศึกษา,"โซเชียลมีเดีย,ถ่ายรูปถ่ายวีดีโอ,ดูหนัง/ฟังเพลง",Instagram,มากกว่า 5 ชั่วโมง,จำเป็น,Vivo,ดีไซน์,5,ความกังวลเกี่ยวกับความปลอดภัยของการชำระเงิน,"น้อยกว่า 15,000 บาท",นักเรียน/นักศึกษา
หญิง,36-45 ปี,สมรส,"ติดต่อสื่อสาร/ประชุมงาน,อีเมล,การเงิน",LINE,1-3 ชั่วโมง,ค่อนข้างสำคัญ,Oppo,ราคา,3,การเปรียบเทียบราคายาก,"30,001-50,000 บาท",ธุรกิจส่วนตัว
ชาย,18-25 ปี,นักเรียน/นักศึกษา,"เล่นเกม,สตรีมมิ่ง,โซเชียลมีเดีย",TikTok,มากกว่า 5 ชั่วโมง,จำเป็นมากที่สุด,Realme,ประสิทธิภาพ,4,การจัดส่งล่าช้า,"น้อยกว่า 15,000 บาท",นักเรียน/นักศึกษา
หญิง,26-35 ปี,โสด,"ถ่ายรูปถ่ายวีดีโอ,ดูหนัง/ฟังเพลง,ช้อปปิ้งออนไลน์",Shopee,3-5 ชั่วโมง,จำเป็น,XIAOMI,ความคุ้มค่า,5,คุณภาพสินค้าไม่ตรงตามที่โฆษณา,"15,001-20,000 บาท",ฟรีแลนซ์
Lgbtq+,18-25 ปี,โสด,"สตรีมมิ่ง,ถ่ายรูปถ่ายวีดีโอ,แก้ไขวีดีโอ",CapCut,5-6 ชั่วโมง,จำเป็นมากที่สุด,Vivo,กล้อง,4,การรับประกันไม่ครอบคลุม,"น้อยกว่า 15,000 บาท",นักสร้างคอนเทนต์
ชาย,46-55 ปี,สมรส,"อีเมล,ข่าวสาร,การเงิน",Gmail,0-1 ชั่วโมง,ไม่สำคัญ,Oppo,ความทนทาน,2,ไม่มีปัญหา,"50,001-100,000 บาท",ข้าราชการ
หญิง,26-35 ปี,สมรส,"ช้อปปิ้งออนไลน์,โซเชียลมีเดีย,การเงิน",Facebook,1-3 ชั่วโมง,ค่อนข้างสำคัญ,Realme,แบตเตอรี่,4,การคืนสินค้ายุ่งยาก,"20,001-30,000 บาท",แม่บ้าน
หญิง,36-45 ปี,สมรส,"ตรวจสอบการขนส่ง,แชทลูกค้า,อีเมล",Shopee,1 - 3 ชั่วโมง,จำเป็น,Oppo,ความเสถียร,3,ระบบค้างบ่อย,"15,001-20,000 บาท",พนักงานขนส่ง
Lgbtq+,18-25 ปี,โสด,"ดูหนัง / ฟังเพลง, ถ่ายรูป ถ่ายวีดีโอ, โซเชียลมีเดีย","Instagram, Facebook, Facebook Messenger, Spotify, TikTok",มากกว่า 5 ชั่วโมง,จำเป็นมากที่สุด,Apple,ฟีเจอร์สินค้า,5,ไม่สามารถสัมผัสหรือลองสินค้าได้จริง,"15,001 - 20,000 บาท",นักเรียน / นักศึกษา
Lgbtq+,18-25 ปี,โสด,"ดูหนัง / ฟังเพลง, ถ่ายรูป ถ่ายวีดีโอ, โซเชียลมีเดีย","Instagram, Facebook, Facebook Messenger, Spotify, TikTok",มากกว่า 5 ชั่วโมง,จำเป็นมากที่สุด,Apple,ฟีเจอร์สินค้า,5,ไม่สามารถสัมผัสหรือลองสินค้าได้จริง,"15,001 - 20,000 บาท",นักเรียน / นักศึกษา
หญิง,33-40 ปี,สมรส,"ถ่ายรูป ถ่ายวีดีโอ, ติดต่อสื่อสาร / ประชุมงาน, โซเชียลมีเดีย","Facebook, TikTok, Line",3 - 5 ชั่วโมง,จำเป็น,Samsung,รีวิวสินค้า,5,ความกังวลเกี่ยวกับความปลอดภัยของการชำระเงิน,"30,001 - 40,000 บาท",พนักงานข้าราชการ
ชาย,18-25 ปี,นักเรียน/นักศึกษา,"เล่นเกม,ถ่ายรูป,ดูหนัง",TikTok,0-1 ชั่วโมง,จำเป็น,XIAOMI,ราคา,3,ไม่สามารถสัมผัสสินค้าก่อนซื้อได้,"น้อยกว่า 15,000 บาท",นักเรียน/นักศึกษา
หญิง,26-35 ปี,โสด,"ดูหนัง,ถ่ายรูป,ฟังเพลง",Facebook,1-3 ชั่วโมง,จำเป็น,XIAOMI,ฟีเจอร์สินค้า,2,ความไม่แน่นอนในการรับประกัน,"15,001-20,000 บาท",พนักงานออฟฟิศ
ชาย,26-35 ปี,โสด,"เล่นเกม,สตรีมมิ่ง,ถ่ายรูปถ่ายวีดีโอ",YouTube,3-5 ชั่วโมง,จำเป็นมากที่สุด,Vivo,ฟีเจอร์,4,ไม่สามารถสัมผัสหรือลองสินค้าได้จริง,"20,001-30,000 บาท",พนักงานออฟฟิศ
หญิง,18-25 ปี,นักเรียน/นักศึกษา,"โซเชียลมีเดีย,ถ่ายรูปถ่ายวีดีโอ,ดูหนัง/ฟังเพลง",Instagram,มากกว่า 5 ชั่วโมง,จำเป็น,Vivo,ดีไซน์,5,ความกังวลเกี่ยวกับความปลอดภัยของการชำระเงิน,"น้อยกว่า 15,000 บาท",นักเรียน/นักศึกษา
หญิง,36-45 ปี,สมรส,"ติดต่อสื่อสาร/ประชุมงาน,อีเมล,การเงิน",LINE,1-3 ชั่วโมง,ค่อนข้างสำคัญ,Oppo,ราคา,3,การเปรียบเทียบราคายาก,"30,001-50,000 บาท",ธุรกิจส่วนตัว
ชาย,18-25 ปี,นักเรียน/นักศึกษา,"เล่นเกม,สตรีมมิ่ง,โซเชียลมีเดีย",TikTok,มากกว่า 5 ชั่วโมง,จำเป็นมากที่สุด,Realme,ประสิทธิภาพ,4,การจัดส่งล่าช้า,"น้อยกว่า 15,000 บาท",นักเรียน/นักศึกษา
หญิง,26-35 ปี,โสด,"ถ่ายรูปถ่ายวีดีโอ,ดูหนัง/ฟังเพลง,ช้อปปิ้งออนไลน์",Shopee,3-5 ชั่วโมง,จำเป็น,XIAOMI,ความคุ้มค่า,5,คุณภาพสินค้าไม่ตรงตามที่โฆษณา,"15,001-20,000 บาท",ฟรีแลนซ์
Lgbtq+,18-25 ปี,โสด,"สตรีมมิ่ง,ถ่ายรูปถ่ายวีดีโอ,แก้ไขวีดีโอ",CapCut,5-6 ชั่วโมง,จำเป็นมากที่สุด,Vivo,กล้อง,4,การรับประกันไม่ครอบคลุม,"น้อยกว่า 15,000 บาท",นักสร้างคอนเทนต์
ชาย,46-55 ปี,สมรส,"อีเมล,ข่าวสาร,การเงิน",Gmail,0-1 ชั่วโมง,ไม่สำคัญ,Oppo,ความทนทาน,2,ไม่มีปัญหา,"50,001-100,000 บาท",ข้าราชการ
หญิง,26-35 ปี,สมรส,"ช้อปปิ้งออนไลน์,โซเชียลมีเดีย,การเงิน",Facebook,1-3 ชั่วโมง,ค่อนข้างสำคัญ,Realme,แบตเตอรี่,4,การคืนสินค้ายุ่งยาก,"20,001-30,000 บาท",แม่บ้าน
หญิง,36-45 ปี,สมรส,"ตรวจสอบการขนส่ง,แชทลูกค้า,อีเมล",Shopee,1 - 3 ชั่วโมง,จำเป็น,Oppo,ความเสถียร,3,ระบบค้างบ่อย,"15,001-20,000 บาท",พนักงานขนส่ง
หญิง,33-40 ปี,สมรส,"ถ่ายรูป ถ่ายวีดีโอ, ติดต่อสื่อสาร / ประชุมงาน, โซเชียลมีเดีย","Facebook, TikTok, Line",3 - 5 ชั่วโมง,จำเป็น,Samsung,รีวิวสินค้า,5,ความกังวลเกี่ยวกับความปลอดภัยของการชำระเงิน,"30,001 - 40,000 บาท",พนักงานข้าราชการ
หญิง,18-25 ปี,โสด,"ดูหนัง / ฟังเพลง, ติดต่อสื่อสาร / ประชุมงาน, โซเชียลมีเดีย","Instagram, Facebook, YouTube, Facebook Messenger, TikTok",1 - 3 ชั่วโมง,จำเป็น,Apple,ฟีเจอร์สินค้า,3,ความกังวลเกี่ยวกับความปลอดภัยของการชำระเงิน,"น้อยกว่า 15,000 บาท",พนักงานบริษัทเอกชน
ชาย,18-25 ปี,นักเรียน / นักศึกษา,"เล่นเกม, ถ่ายรูป, ดูหนัง",Instagram,"1 - 3 ชั่วโมง",จำเป็น,Oppo,ฟีเจอร์สินค้า,4,ไม่สามารถสัมผัสสินค้าก่อนซื้อได้,"น้อยกว่า 15,000 บาท",นักเรียน / นักศึกษา
หญิง,18-25 ปี,โสด,"ดูหนัง / ฟังเพลง, เล่นเกม, ถ่ายรูป",TikTok,"0 - 1 ชั่วโมง",จำเป็นมากที่สุด,Oppo,ราคา,3,ความกังวลเกี่ยวกับความปลอดภัยของการชำระเงิน,"น้อยกว่า 15,000 บาท",นักเรียน / นักศึกษา
ชาย,26-35 ปี,ทำงาน,"ดูหนัง, เล่นเกม, ถ่ายรูป",Facebook,"1 - 3 ชั่วโมง",จำเป็น,Other,ฟีเจอร์สินค้า,2,ความซับซ้อนในการชำระเงิน,"15,001 - 20,000 บาท",พนักงาน
หญิง,26-35 ปี,ทำงาน,"ติดต่อสื่อสาร, ถ่ายรูป, โซเชียลมีเดีย",Instagram,"1 - 3 ชั่วโมง",จำเป็น,Other,ราคา,3,ปัญหาการบริการหลังการขาย,"15,001 - 20,000 บาท",พนักงาน
หญิง,18-25 ปี,โสด,"ถ่ายรูป, ฟังเพลง, โซเชียลมีเดีย",Instagram,"1 - 3 ชั่วโมง",จำเป็น,Realme,ฟีเจอร์สินค้า,4,ไม่แน่นอนเกี่ยวกับการรับประกัน,"15,001 - 20,000 บาท",นักเรียน / นักศึกษา
ชาย,18-25 ปี,นักเรียน / นักศึกษา,"เล่นเกม, ถ่ายรูป, ดูหนัง",TikTok,"0 - 1 ชั่วโมง",จำเป็น,Realme,ราคา,3,ความไม่แน่นอนในการรับประกัน,"น้อยกว่า 15,000 บาท",นักเรียน / นักศึกษา
ชาย,26-35 ปี,ทำงาน,"เล่นเกม, ดูหนัง, ถ่ายรูป",TikTok,"มากกว่า 5 ชั่วโมง",จำเป็น,Vivo,ราคา,3,ไม่สามารถสัมผัสสินค้าได้จริง,"15,001 - 20,000 บาท",พนักงาน
หญิง,26-35 ปี,ทำงาน,"ดูหนัง, ถ่ายรูป, ฟังเพลง",Facebook,"1 - 3 ชั่วโมง",จำเป็น,Vivo,ฟีเจอร์สินค้า,4,ความกังวลเรื่องบริการหลังการขาย,"15,001 - 20,000 บาท",พนักงาน
หญิง,18-25 ปี,นักเรียน / นักศึกษา,"ดูหนัง / ฟังเพลง, เล่นเกม, ถ่ายรูป",Instagram,"0 - 1 ชั่วโมง",จำเป็นมากที่สุด,XIAOMI,ฟีเจอร์สินค้า,2,ความไม่แน่นอนเกี่ยวกับบริการหลังการขาย,"น้อยกว่า 15,000 บาท",นักเรียน / นักศึกษา
ชาย,18-25 ปี,นักเรียน / นักศึกษา,"เล่นเกม, ถ่ายรูป, ดูหนัง",TikTok,"1 - 3 ชั่วโมง",จำเป็น,XIAOMI,ราคา,3,ไม่สามารถสัมผัสสินค้าก่อนซื้อได้,"น้อยกว่า 15,000 บาท",นักเรียน / นักศึกษา
ชาย,18-25 ปี,นักเรียน / นักศึกษา,"เล่นเกม, ถ่ายรูป, ดูหนัง",TikTok,"1 - 3 ชั่วโมง",จำเป็น,Oppo,ฟีเจอร์สินค้า,4,ไม่สามารถสัมผัสสินค้าก่อนซื้อได้,"น้อยกว่า 15,000 บาท",นักเรียน / นักศึกษา
หญิง,18-25 ปี,โสด,"ดูหนัง, ฟังเพลง, ถ่ายรูป",Instagram,"0 - 1 ชั่วโมง",จำเป็นมากที่สุด,Oppo,ราคา,3,ความกังวลเรื่องความปลอดภัย,"น้อยกว่า 15,000 บาท",นักเรียน / นักศึกษา
ชาย,26-35 ปี,ทำงาน,"เล่นเกม, ถ่ายรูป, ดูหนัง",Facebook,"1 - 3 ชั่วโมง",จำเป็น,Oppo,ฟีเจอร์สินค้า,4,ปัญหาด้านการทดลองสินค้า,"15,001 - 20,000 บาท",พนักงาน
หญิง,18-25 ปี,นักเรียน / นักศึกษา,"ดูหนัง, ถ่ายรูป, ฟังเพลง",TikTok,"0 - 1 ชั่วโมง",จำเป็น,Oppo,ราคา,3,ความไม่แน่นอนของการรับประกัน,"น้อยกว่า 15,000 บาท",นักเรียน / นักศึกษา
ชาย,18-25 ปี,โสด,"เล่นเกม, ดูหนัง, ถ่ายรูป",Instagram,"1 - 3 ชั่วโมง",จำเป็น,Oppo,ฟีเจอร์สินค้า,4,ความซับซ้อนในการชำระเงิน,"น้อยกว่า 15,000 บาท",นักเรียน / นักศึกษา
หญิง,26-35 ปี,ทำงาน,"ดูหนัง, ถ่ายรูป, ฟังเพลง",Facebook,"1 - 3 ชั่วโมง",จำเป็น,Oppo,ราคา,3,ไม่สามารถทดลองสินค้าได้,"15,001 - 20,000 บาท",พนักงาน
ชาย,26-35 ปี,ทำงาน,"เล่นเกม, ถ่ายรูป, ดูหนัง",TikTok,"มากกว่า 5 ชั่วโมง",จำเป็น,Oppo,ฟีเจอร์สินค้า,4,ความกังวลเรื่องบริการหลังการขาย,"15,001 - 20,000 บาท",พนักงาน
หญิง,18-25 ปี,นักเรียน / นักศึกษา,"ดูหนัง, ฟังเพลง, ถ่ายรูป",Instagram,"0 - 1 ชั่วโมง",จำเป็นมากที่สุด,Oppo,ราคา,3,ไม่สามารถสัมผัสสินค้าก่อนซื้อได้,"น้อยกว่า 15,000 บาท",นักเรียน / นักศึกษา
ชาย,26-35 ปี,ทำงาน,"เล่นเกม, ถ่ายรูป, ดูหนัง",Facebook,"1 - 3 ชั่วโมง",จำเป็น,Oppo,ฟีเจอร์สินค้า,4,ปัญหาด้านความปลอดภัยของการชำระเงิน,"15,001 - 20,000 บาท",พนักงาน
หญิง,26-35 ปี,ทำงาน,"ดูหนัง, ถ่ายรูป, ฟังเพลง",TikTok,"1 - 3 ชั่วโมง",จำเป็น,Oppo,ราคา,3,ความไม่แน่นอนของการรับประกัน,"15,001 - 20,000 บาท",พนักงาน
หญิง,18-25 ปี,โสด,"ดูหนัง, ฟังเพลง, ถ่ายรูป",Instagram,"1 - 3 ชั่วโมง",จำเป็น,Realme,ฟีเจอร์สินค้า,4,ไม่แน่นอนเกี่ยวกับการรับประกัน,"15,001 - 20,000 บาท",นักเรียน / นักศึกษา
ชาย,18-25 ปี,นักเรียน / นักศึกษา,"เล่นเกม, ถ่ายรูป, ดูหนัง",TikTok,"0 - 1 ชั่วโมง",จำเป็น,Realme,ราคา,3,ปัญหาการทดลองสินค้า,"น้อยกว่า 15,000 บาท",นักเรียน / นักศึกษา
หญิง,26-35 ปี,ทำงาน,"ดูหนัง, ถ่ายรูป, ฟังเพลง",Facebook,"1 - 3 ชั่วโมง",จำเป็น,Realme,ฟีเจอร์สินค้า,4,ความไม่แน่นอนในการรับประกัน,"15,001 - 20,000 บาท",พนักงาน
ชาย,18-25 ปี,นักเรียน / นักศึกษา,"เล่นเกม, ดูหนัง, ถ่ายรูป",Instagram,"0 - 1 ชั่วโมง",จำเป็น,Realme,ราคา,3,ไม่สามารถสัมผัสสินค้าก่อนซื้อได้,"น้อยกว่า 15,000 บาท",นักเรียน / นักศึกษา
หญิง,18-25 ปี,โสด,"ดูหนัง, ฟังเพลง, ถ่ายรูป",TikTok,"1 - 3 ชั่วโมง",จำเป็น,Realme,ฟีเจอร์สินค้า,4,ความกังวลด้านการรับประกัน,"15,001 - 20,000 บาท",นักเรียน / นักศึกษา
ชาย,26-35 ปี,ทำงาน,"เล่นเกม, ถ่ายรูป, ดูหนัง",Facebook,"มากกว่า 5 ชั่วโมง",จำเป็น,Realme,ราคา,3,ปัญหาด้านการชำระเงิน,"15,001 - 20,000 บาท",พนักงาน
หญิง,18-25 ปี,นักเรียน / นักศึกษา,"ดูหนัง, ถ่ายรูป, ฟังเพลง",Instagram,"0 - 1 ชั่วโมง",จำเป็น,Realme,ฟีเจอร์สินค้า,4,ไม่สามารถทดลองสินค้าได้,"น้อยกว่า 15,000 บาท",นักเรียน / นักศึกษา
ชาย,26-35 ปี,ทำงาน,"เล่นเกม, ดูหนัง, ถ่ายรูป",TikTok,"1 - 3 ชั่วโมง",จำเป็น,Realme,ราคา,3,ความไม่แน่นอนในการรับประกัน,"15,001 - 20,000 บาท",พนักงาน
หญิง,26-35 ปี,ทำงาน,"ดูหนัง, ถ่ายรูป, ฟังเพลง",Facebook,"1 - 3 ชั่วโมง",จำเป็น,Realme,ฟีเจอร์สินค้า,4,ความกังวลเรื่องบริการหลังการขาย,"15,001 - 20,000 บาท",พนักงาน
ชาย,18-25 ปี,นักเรียน / นักศึกษา,"เล่นเกม, ถ่ายรูป, ดูหนัง",Instagram,"0 - 1 ชั่วโมง",จำเป็น,Realme,ราคา,3,ไม่สามารถสัมผัสสินค้าก่อนซื้อได้,"น้อยกว่า 15,000 บาท",นักเรียน / นักศึกษา
ชาย,26-35 ปี,ทำงาน,"เล่นเกม, ดูหนัง, ถ่ายรูป",TikTok,"มากกว่า 5 ชั่วโมง",จำเป็น,Vivo,ราคา,3,ไม่สามารถสัมผัสสินค้าก่อนซื้อได้,"15,001 - 20,000 บาท",พนักงาน
หญิง,26-35 ปี,ทำงาน,"ดูหนัง, ถ่ายรูป, ฟังเพลง",Facebook,"1 - 3 ชั่วโมง",จำเป็น,Vivo,ฟีเจอร์สินค้า,4,ปัญหาบริการหลังการขาย,"15,001 - 20,000 บาท",พนักงาน
ชาย,18-25 ปี,นักเรียน / นักศึกษา,"เล่นเกม, ถ่ายรูป, ดูหนัง",Instagram,"0 - 1 ชั่วโมง",จำเป็น,Vivo,ราคา,3,ความกังวลเกี่ยวกับความปลอดภัย,"น้อยกว่า 15,000 บาท",นักเรียน / นักศึกษา
หญิง,18-25 ปี,โสด,"ดูหนัง, ฟังเพลง, ถ่ายรูป",TikTok,"1 - 3 ชั่วโมง",จำเป็น,Vivo,ฟีเจอร์สินค้า,4,ไม่สามารถทดลองสินค้าได้,"น้อยกว่า 15,000 บาท",นักเรียน / นักศึกษา
ชาย,26-35 ปี,ทำงาน,"เล่นเกม, ถ่ายรูป, ดูหนัง",Facebook,"มากกว่า 5 ชั่วโมง",จำเป็น,Vivo,ราคา,3,ปัญหาด้านการชำระเงิน,"15,001 - 20,000 บาท",พนักงาน
หญิง,26-35 ปี,ทำงาน,"ดูหนัง, ถ่ายรูป, ฟังเพลง",Instagram,"1 - 3 ชั่วโมง",จำเป็น,Vivo,ฟีเจอร์สินค้า,4,ความไม่แน่นอนในการรับประกัน,"15,001 - 20,000 บาท",พนักงาน
ชาย,18-25 ปี,นักเรียน / นักศึกษา,"เล่นเกม, ถ่ายรูป, ดูหนัง",TikTok,"0 - 1 ชั่วโมง",จำเป็น,Vivo,ราคา,3,ไม่สามารถสัมผัสสินค้าก่อนซื้อได้,"น้อยกว่า 15,000 บาท",นักเรียน / นักศึกษา
หญิง,26-35 ปี,ทำงาน,"ดูหนัง, ถ่ายรูป, ฟังเพลง",Facebook,"1 - 3 ชั่วโมง",จำเป็น,Vivo,ฟีเจอร์สินค้า,4,ปัญหาด้านบริการหลังการขาย,"15,001 - 20,000 บาท",พนักงาน
ชาย,26-35 ปี,ทำงาน,"เล่นเกม, ถ่ายรูป, ดูหนัง",Instagram,"มากกว่า 5 ชั่วโมง",จำเป็น,Vivo,ราคา,3,ความไม่แน่นอนของการรับประกัน,"15,001 - 20,000 บาท",พนักงาน
หญิง,18-25 ปี,นักเรียน / นักศึกษา,"ดูหนัง, ฟังเพลง, ถ่ายรูป",TikTok,"1 - 3 ชั่วโมง",จำเป็น,Vivo,ฟีเจอร์สินค้า,4,ไม่สามารถทดลองสินค้าได้,"น้อยกว่า 15,000 บาท",นักเรียน / นักศึกษา
ชาย,26-35 ปี,ทำงาน,"เล่นเกม, ถ่ายรูป, ดูหนัง",Facebook,"1 - 3 ชั่วโมง",จำเป็น,Vivo,ราคา,3,ปัญหาด้านการชำระเงิน,"15,001 - 20,000 บาท",พนักงาน
หญิง,18-25 ปี,นักเรียน / นักศึกษา,"ดูหนัง, ฟังเพลง, ถ่ายรูป",Instagram,"0 - 1 ชั่วโมง",จำเป็น,XIAOMI,ฟีเจอร์สินค้า,2,ปัญหาบริการหลังการขาย,"น้อยกว่า 15,000 บาท",นักเรียน / นักศึกษา
ชาย,18-25 ปี,นักเรียน / นักศึกษา,"เล่นเกม, ถ่ายรูป, ดูหนัง",TikTok,"1 - 3 ชั่วโมง",จำเป็น,XIAOMI,ราคา,3,ไม่สามารถสัมผัสสินค้าก่อนซื้อได้,"น้อยกว่า 15,000 บาท",นักเรียน / นักศึกษา
หญิง,26-35 ปี,ทำงาน,"ดูหนัง, ถ่ายรูป, ฟังเพลง",Facebook,"1 - 3 ชั่วโมง",จำเป็น,XIAOMI,ฟีเจอร์สินค้า,2,ความไม่แน่นอนในการรับประกัน,"15,001 - 20,000 บาท",พนักงาน
ชาย,26-35 ปี,ทำงาน,"เล่นเกม, ถ่ายรูป, ดูหนัง",Instagram,"มากกว่า 5 ชั่วโมง",จำเป็น,XIAOMI,ราคา,3,ปัญหาด้านการชำระเงิน,"15,001 - 20,000 บาท",พนักงาน
หญิง,18-25 ปี,นักเรียน / นักศึกษา,"ดูหนัง, ฟังเพลง, ถ่ายรูป",TikTok,"0 - 1 ชั่วโมง",จำเป็น,XIAOMI,ฟีเจอร์สินค้า,2,ไม่สามารถทดลองสินค้าได้,"น้อยกว่า 15,000 บาท",นักเรียน / นักศึกษา
ชาย,26-35 ปี,ทำงาน,"เล่นเกม, ถ่ายรูป, ดูหนัง",Facebook,"1 - 3 ชั่วโมง",จำเป็น,XIAOMI,ราคา,3,ความไม่แน่นอนของการรับประกัน,"15,001 - 20,000 บาท",พนักงาน
หญิง,26-35 ปี,ทำงาน,"ดูหนัง, ถ่ายรูป, ฟังเพลง",Instagram,"1 - 3 ชั่วโมง",จำเป็น,XIAOMI,ฟีเจอร์สินค้า,2,ปัญหาบริการหลังการขาย,"15,001 - 20,000 บาท",พนักงาน
ชาย,18-25 ปี,นักเรียน/นักศึกษา,"เล่นเกม,ถ่ายรูป,ดูหนัง",TikTok,0-1 ชั่วโมง,จำเป็น,XIAOMI,ราคา,3,ไม่สามารถสัมผัสสินค้าก่อนซื้อได้,"น้อยกว่า 15,000 บาท",นักเรียน/นักศึกษา
หญิง,26-35 ปี,โสด,"ดูหนัง,ถ่ายรูป,ฟังเพลง",Facebook,1-3 ชั่วโมง,จำเป็น,XIAOMI,ฟีเจอร์สินค้า,2,ความไม่แน่นอนในการรับประกัน,"15,001-20,000 บาท",พนักงานออฟฟิศ
ชาย,26-35 ปี,โสด,"เล่นเกม,สตรีมมิ่ง,ถ่ายรูปถ่ายวีดีโอ",YouTube,3-5 ชั่วโมง,จำเป็นมากที่สุด,Vivo,ฟีเจอร์,4,ไม่สามารถสัมผัสหรือลองสินค้าได้จริง,"20,001-30,000 บาท",พนักงานออฟฟิศ
หญิง,18-25 ปี,นักเรียน/นักศึกษา,"โซเชียลมีเดีย,ถ่ายรูปถ่ายวีดีโอ,ดูหนัง/ฟังเพลง",Instagram,มากกว่า 5 ชั่วโมง,จำเป็น,Vivo,ดีไซน์,5,ความกังวลเกี่ยวกับความปลอดภัยของการชำระเงิน,"น้อยกว่า 15,000 บาท",นักเรียน/นักศึกษา
หญิง,36-45 ปี,สมรส,"ติดต่อสื่อสาร/ประชุมงาน,อีเมล,การเงิน",LINE,1-3 ชั่วโมง,ค่อนข้างสำคัญ,Oppo,ราคา,3,การเปรียบเทียบราคายาก,"30,001-50,000 บาท",ธุรกิจส่วนตัว
ชาย,18-25 ปี,นักเรียน/นักศึกษา,"เล่นเกม,สตรีมมิ่ง,โซเชียลมีเดีย",TikTok,มากกว่า 5 ชั่วโมง,จำเป็นมากที่สุด,Realme,ประสิทธิภาพ,4,การจัดส่งล่าช้า,"น้อยกว่า 15,000 บาท",นักเรียน/นักศึกษา
หญิง,26-35 ปี,โสด,"ถ่ายรูปถ่ายวีดีโอ,ดูหนัง/ฟังเพลง,ช้อปปิ้งออนไลน์",Shopee,3-5 ชั่วโมง,จำเป็น,XIAOMI,ความคุ้มค่า,5,คุณภาพสินค้าไม่ตรงตามที่โฆษณา,"15,001-20,000 บาท",ฟรีแลนซ์
Lgbtq+,18-25 ปี,โสด,"สตรีมมิ่ง,ถ่ายรูปถ่ายวีดีโอ,แก้ไขวีดีโอ",CapCut,5-6 ชั่วโมง,จำเป็นมากที่สุด,Vivo,กล้อง,4,การรับประกันไม่ครอบคลุม,"น้อยกว่า 15,000 บาท",นักสร้างคอนเทนต์
ชาย,46-55 ปี,สมรส,"อีเมล,ข่าวสาร,การเงิน",Gmail,0-1 ชั่วโมง,ไม่สำคัญ,Oppo,ความทนทาน,2,ไม่มีปัญหา,"50,001-100,000 บาท",ข้าราชการ
หญิง,26-35 ปี,สมรส,"ช้อปปิ้งออนไลน์,โซเชียลมีเดีย,การเงิน",Facebook,1-3 ชั่วโมง,ค่อนข้างสำคัญ,Realme,แบตเตอรี่,4,การคืนสินค้ายุ่งยาก,"20,001-30,000 บาท",แม่บ้าน
หญิง,36-45 ปี,สมรส,"ตรวจสอบการขนส่ง,แชทลูกค้า,อีเมล",Shopee,1 - 3 ชั่วโมง,จำเป็น,Oppo,ความเสถียร,3,ระบบค้างบ่อย,"15,001-20,000 บาท",พนักงานขนส่ง
ชาย,18-25 ปี,นักเรียน/นักศึกษา,"เล่นเกม,ถ่ายรูป,ดูหนัง",TikTok,0-1 ชั่วโมง,จำเป็น,XIAOMI,ราคา,3,ไม่สามารถสัมผัสสินค้าก่อนซื้อได้,"น้อยกว่า 15,000 บาท",นักเรียน/นักศึกษา
หญิง,26-35 ปี,โสด,"ดูหนัง,ถ่ายรูป,ฟังเพลง",Facebook,1-3 ชั่วโมง,จำเป็น,XIAOMI,ฟีเจอร์สินค้า,2,ความไม่แน่นอนในการรับประกัน,"15,001-20,000 บาท",พนักงานออฟฟิศ
ชาย,26-35 ปี,โสด,"เล่นเกม,สตรีมมิ่ง,ถ่ายรูปถ่ายวีดีโอ",YouTube,3-5 ชั่วโมง,จำเป็นมากที่สุด,Vivo,ฟีเจอร์,4,ไม่สามารถสัมผัสหรือลองสินค้าได้จริง,"20,001-30,000 บาท",พนักงานออฟฟิศ
หญิง,18-25 ปี,นักเรียน/นักศึกษา,"โซเชียลมีเดีย,ถ่ายรูปถ่ายวีดีโอ,ดูหนัง/ฟังเพลง",Instagram,มากกว่า 5 ชั่วโมง,จำเป็น,Vivo,ดีไซน์,5,ความกังวลเกี่ยวกับความปลอดภัยของการชำระเงิน,"น้อยกว่า 15,000 บาท",นักเรียน/นักศึกษา
หญิง,36-45 ปี,สมรส,"ติดต่อสื่อสาร/ประชุมงาน,อีเมล,การเงิน",LINE,1-3 ชั่วโมง,ค่อนข้างสำคัญ,Oppo,ราคา,3,การเปรียบเทียบราคายาก,"30,001-50,000 บาท",ธุรกิจส่วนตัว
ชาย,18-25 ปี,นักเรียน/นักศึกษา,"เล่นเกม,สตรีมมิ่ง,โซเชียลมีเดีย",TikTok,มากกว่า 5 ชั่วโมง,จำเป็นมากที่สุด,Realme,ประสิทธิภาพ,4,การจัดส่งล่าช้า,"น้อยกว่า 15,000 บาท",นักเรียน/นักศึกษา
หญิง,26-35 ปี,โสด,"ถ่ายรูปถ่ายวีดีโอ,ดูหนัง/ฟังเพลง,ช้อปปิ้งออนไลน์",Shopee,3-5 ชั่วโมง,จำเป็น,XIAOMI,ความคุ้มค่า,5,คุณภาพสินค้าไม่ตรงตามที่โฆษณา,"15,001-20,000 บาท",ฟรีแลนซ์
Lgbtq+,18-25 ปี,โสด,"สตรีมมิ่ง,ถ่ายรูปถ่ายวีดีโอ,แก้ไขวีดีโอ",CapCut,5-6 ชั่วโมง,จำเป็นมากที่สุด,Vivo,กล้อง,4,การรับประกันไม่ครอบคลุม,"น้อยกว่า 15,000 บาท",นักสร้างคอนเทนต์
ชาย,46-55 ปี,สมรส,"อีเมล,ข่าวสาร,การเงิน",Gmail,0-1 ชั่วโมง,ไม่สำคัญ,Oppo,ความทนทาน,2,ไม่มีปัญหา,"50,001-100,000 บาท",ข้าราชการ
หญิง,26-35 ปี,สมรส,"ช้อปปิ้งออนไลน์,โซเชียลมีเดีย,การเงิน",Facebook,1-3 ชั่วโมง,ค่อนข้างสำคัญ,Realme,แบตเตอรี่,4,การคืนสินค้ายุ่งยาก,"20,001-30,000 บาท",แม่บ้าน
หญิง,36-45 ปี,สมรส,"ตรวจสอบการขนส่ง,แชทลูกค้า,อีเมล",Shopee,1 - 3 ชั่วโมง,จำเป็น,Oppo,ความเสถียร,3,ระบบค้างบ่อย,"15,001-20,000 บาท",พนักงานขนส่ง
ชาย,18-25 ปี,นักเรียน/นักศึกษา,"เล่นเกม,ถ่ายรูป,ดูหนัง",TikTok,0-1 ชั่วโมง,จำเป็น,XIAOMI,ราคา,3,ไม่สามารถสัมผัสสินค้าก่อนซื้อได้,"น้อยกว่า 15,000 บาท",นักเรียน/นักศึกษา
หญิง,26-35 ปี,โสด,"ดูหนัง,ถ่ายรูป,ฟังเพลง",Facebook,1-3 ชั่วโมง,จำเป็น,XIAOMI,ฟีเจอร์สินค้า,2,ความไม่แน่นอนในการรับประกัน,"15,001-20,000 บาท",พนักงานออฟฟิศ
ชาย,26-35 ปี,โสด,"เล่นเกม,สตรีมมิ่ง,ถ่ายรูปถ่ายวีดีโอ",YouTube,3-5 ชั่วโมง,จำเป็นมากที่สุด,Vivo,ฟีเจอร์,4,ไม่สามารถสัมผัสหรือลองสินค้าได้จริง,"20,001-30,000 บาท",พนักงานออฟฟิศ
หญิง,18-25 ปี,นักเรียน/นักศึกษา,"โซเชียลมีเดีย,ถ่ายรูปถ่ายวีดีโอ,ดูหนัง/ฟังเพลง",Instagram,มากกว่า 5 ชั่วโมง,จำเป็น,Vivo,ดีไซน์,5,ความกังวลเกี่ยวกับความปลอดภัยของการชำระเงิน,"น้อยกว่า 15,000 บาท",นักเรียน/นักศึกษา
หญิง,36-45 ปี,สมรส,"ติดต่อสื่อสาร/ประชุมงาน,อีเมล,การเงิน",LINE,1-3 ชั่วโมง,ค่อนข้างสำคัญ,Oppo,ราคา,3,การเปรียบเทียบราคายาก,"30,001-50,000 บาท",ธุรกิจส่วนตัว
ชาย,18-25 ปี,นักเรียน/นักศึกษา,"เล่นเกม,สตรีมมิ่ง,โซเชียลมีเดีย",TikTok,มากกว่า 5 ชั่วโมง,จำเป็นมากที่สุด,Realme,ประสิทธิภาพ,4,การจัดส่งล่าช้า,"น้อยกว่า 15,000 บาท",นักเรียน/นักศึกษา
หญิง,26-35 ปี,โสด,"ถ่ายรูปถ่ายวีดีโอ,ดูหนัง/ฟังเพลง,ช้อปปิ้งออนไลน์",Shopee,3-5 ชั่วโมง,จำเป็น,XIAOMI,ความคุ้มค่า,5,คุณภาพสินค้าไม่ตรงตามที่โฆษณา,"15,001-20,000 บาท",ฟรีแลนซ์
Lgbtq+,18-25 ปี,โสด,"สตรีมมิ่ง,ถ่ายรูปถ่ายวีดีโอ,แก้ไขวีดีโอ",CapCut,5-6 ชั่วโมง,จำเป็นมากที่สุด,Vivo,กล้อง,4,การรับประกันไม่ครอบคลุม,"น้อยกว่า 15,000 บาท",นักสร้างคอนเทนต์
ชาย,46-55 ปี,สมรส,"อีเมล,ข่าวสาร,การเงิน",Gmail,0-1 ชั่วโมง,ไม่สำคัญ,Oppo,ความทนทาน,2,ไม่มีปัญหา,"50,001-100,000 บาท",ข้าราชการ
หญิง,26-35 ปี,สมรส,"ช้อปปิ้งออนไลน์,โซเชียลมีเดีย,การเงิน",Facebook,1-3 ชั่วโมง,ค่อนข้างสำคัญ,Realme,แบตเตอรี่,4,การคืนสินค้ายุ่งยาก,"20,001-30,000 บาท",แม่บ้าน
หญิง,36-45 ปี,สมรส,"ตรวจสอบการขนส่ง,แชทลูกค้า,อีเมล",Shopee,1 - 3 ชั่วโมง,จำเป็น,Oppo,ความเสถียร,3,ระบบค้างบ่อย,"15,001-20,000 บาท",พนักงานขนส่ง
ชาย,18-25 ปี,นักเรียน/นักศึกษา,"เล่นเกม,ถ่ายรูป,ดูหนัง",TikTok,0-1 ชั่วโมง,จำเป็น,XIAOMI,ราคา,3,ไม่สามารถสัมผัสสินค้าก่อนซื้อได้,"น้อยกว่า 15,000 บาท",นักเรียน/นักศึกษา
หญิง,26-35 ปี,โสด,"ดูหนัง,ถ่ายรูป,ฟังเพลง",Facebook,1-3 ชั่วโมง,จำเป็น,XIAOMI,ฟีเจอร์สินค้า,2,ความไม่แน่นอนในการรับประกัน,"15,001-20,000 บาท",พนักงานออฟฟิศ
ชาย,26-35 ปี,โสด,"เล่นเกม,สตรีมมิ่ง,ถ่ายรูปถ่ายวีดีโอ",YouTube,3-5 ชั่วโมง,จำเป็นมากที่สุด,Vivo,ฟีเจอร์,4,ไม่สามารถสัมผัสหรือลองสินค้าได้จริง,"20,001-30,000 บาท",พนักงานออฟฟิศ
หญิง,18-25 ปี,นักเรียน/นักศึกษา,"โซเชียลมีเดีย,ถ่ายรูปถ่ายวีดีโอ,ดูหนัง/ฟังเพลง",Instagram,มากกว่า 5 ชั่วโมง,จำเป็น,Vivo,ดีไซน์,5,ความกังวลเกี่ยวกับความปลอดภัยของการชำระเงิน,"น้อยกว่า 15,000 บาท",นักเรียน/นักศึกษา
หญิง,36-45 ปี,สมรส,"ติดต่อสื่อสาร/ประชุมงาน,อีเมล,การเงิน",LINE,1-3 ชั่วโมง,ค่อนข้างสำคัญ,Oppo,ราคา,3,การเปรียบเทียบราคายาก,"30,001-50,000 บาท",ธุรกิจส่วนตัว
ชาย,18-25 ปี,นักเรียน/นักศึกษา,"เล่นเกม,สตรีมมิ่ง,โซเชียลมีเดีย",TikTok,มากกว่า 5 ชั่วโมง,จำเป็นมากที่สุด,Realme,ประสิทธิภาพ,4,การจัดส่งล่าช้า,"น้อยกว่า 15,000 บาท",นักเรียน/นักศึกษา
หญิง,26-35 ปี,โสด,"ถ่ายรูปถ่ายวีดีโอ,ดูหนัง/ฟังเพลง,ช้อปปิ้งออนไลน์",Shopee,3-5 ชั่วโมง,จำเป็น,XIAOMI,ความคุ้มค่า,5,คุณภาพสินค้าไม่ตรงตามที่โฆษณา,"15,001-20,000 บาท",ฟรีแลนซ์
Lgbtq+,18-25 ปี,โสด,"สตรีมมิ่ง,ถ่ายรูปถ่ายวีดีโอ,แก้ไขวีดีโอ",CapCut,5-6 ชั่วโมง,จำเป็นมากที่สุด,Vivo,กล้อง,4,การรับประกันไม่ครอบคลุม,"น้อยกว่า 15,000 บาท",นักสร้างคอนเทนต์
ชาย,46-55 ปี,สมรส,"อีเมล,ข่าวสาร,การเงิน",Gmail,0-1 ชั่วโมง,ไม่สำคัญ,Oppo,ความทนทาน,2,ไม่มีปัญหา,"50,001-100,000 บาท",ข้าราชการ
หญิง,26-35 ปี,สมรส,"ช้อปปิ้งออนไลน์,โซเชียลมีเดีย,การเงิน",Facebook,1-3 ชั่วโมง,ค่อนข้างสำคัญ,Realme,แบตเตอรี่,4,การคืนสินค้ายุ่งยาก,"20,001-30,000 บาท",แม่บ้าน
หญิง,36-45 ปี,สมรส,"ตรวจสอบการขนส่ง,แชทลูกค้า,อีเมล",Shopee,1 - 3 ชั่วโมง,จำเป็น,Oppo,ความเสถียร,3,ระบบค้างบ่อย,"15,001-20,000 บาท",พนักงานขนส่ง
ชาย,18-25 ปี,นักเรียน/นักศึกษา,"เล่นเกม,ถ่ายรูป,ดูหนัง",TikTok,0-1 ชั่วโมง,จำเป็น,XIAOMI,ราคา,3,ไม่สามารถสัมผัสสินค้าก่อนซื้อได้,"น้อยกว่า 15,000 บาท",นักเรียน/นักศึกษา
หญิง,26-35 ปี,โสด,"ดูหนัง,ถ่ายรูป,ฟังเพลง",Facebook,1-3 ชั่วโมง,จำเป็น,XIAOMI,ฟีเจอร์สินค้า,2,ความไม่แน่นอนในการรับประกัน,"15,001-20,000 บาท",พนักงานออฟฟิศ
ชาย,26-35 ปี,โสด,"เล่นเกม,สตรีมมิ่ง,ถ่ายรูปถ่ายวีดีโอ",YouTube,3-5 ชั่วโมง,จำเป็นมากที่สุด,Vivo,ฟีเจอร์,4,ไม่สามารถสัมผัสหรือลองสินค้าได้จริง,"20,001-30,000 บาท",พนักงานออฟฟิศ
หญิง,18-25 ปี,นักเรียน/นักศึกษา,"โซเชียลมีเดีย,ถ่ายรูปถ่ายวีดีโอ,ดูหนัง/ฟังเพลง",Instagram,มากกว่า 5 ชั่วโมง,จำเป็น,Vivo,ดีไซน์,5,ความกังวลเกี่ยวกับความปลอดภัยของการชำระเงิน,"น้อยกว่า 15,000 บาท",นักเรียน/นักศึกษา
หญิง,36-45 ปี,สมรส,"ติดต่อสื่อสาร/ประชุมงาน,อีเมล,การเงิน",LINE,1-3 ชั่วโมง,ค่อนข้างสำคัญ,Oppo,ราคา,3,การเปรียบเทียบราคายาก,"30,001-50,000 บาท",ธุรกิจส่วนตัว
ชาย,18-25 ปี,นักเรียน/นักศึกษา,"เล่นเกม,สตรีมมิ่ง,โซเชียลมีเดีย",TikTok,มากกว่า 5 ชั่วโมง,จำเป็นมากที่สุด,Realme,ประสิทธิภาพ,4,การจัดส่งล่าช้า,"น้อยกว่า 15,000 บาท",นักเรียน/นักศึกษา
หญิง,26-35 ปี,โสด,"ถ่ายรูปถ่ายวีดีโอ,ดูหนัง/ฟังเพลง,ช้อปปิ้งออนไลน์",Shopee,3-5 ชั่วโมง,จำเป็น,XIAOMI,ความคุ้มค่า,5,คุณภาพสินค้าไม่ตรงตามที่โฆษณา,"15,001-20,000 บาท",ฟรีแลนซ์
Lgbtq+,18-25 ปี,โสด,"สตรีมมิ่ง,ถ่ายรูปถ่ายวีดีโอ,แก้ไขวีดีโอ",CapCut,5-6 ชั่วโมง,จำเป็นมากที่สุด,Vivo,กล้อง,4,การรับประกันไม่ครอบคลุม,"น้อยกว่า 15,000 บาท",นักสร้างคอนเทนต์
ชาย,46-55 ปี,สมรส,"อีเมล,ข่าวสาร,การเงิน",Gmail,0-1 ชั่วโมง,ไม่สำคัญ,Oppo,ความทนทาน,2,ไม่มีปัญหา,"50,001-100,000 บาท",ข้าราชการ
หญิง,26-35 ปี,สมรส,"ช้อปปิ้งออนไลน์,โซเชียลมีเดีย,การเงิน",Facebook,1-3 ชั่วโมง,ค่อนข้างสำคัญ,Realme,แบตเตอรี่,4,การคืนสินค้ายุ่งยาก,"20,001-30,000 บาท",แม่บ้าน
หญิง,36-45 ปี,สมรส,"ตรวจสอบการขนส่ง,แชทลูกค้า,อีเมล",Shopee,1 - 3 ชั่วโมง,จำเป็น,Oppo,ความเสถียร,3,ระบบค้างบ่อย,"15,001-20,000 บาท",พนักงานขนส่ง
หญิง,26-35 ปี,โสด,"ประชุมออนไลน์,จัดการตารางงาน,อีเมล",Microsoft Teams,3-5 ชั่วโมง,จำเป็นมากที่สุด,Apple,ระบบนิเวศอุปกรณ์,5,ราคาสูง,"50,001-100,000 บาท",ผู้จัดการ
ชาย,18-25 ปี,นักเรียน/นักศึกษา,"เล่นเกมEsports,สตรีมเกม,แชทชุมชน",Discord,มากกว่า 5 ชั่วโมง,จำเป็นมากที่สุด,Realme,ประสิทธิภาพ,4,เครื่องร้อนบ่อย,"น้อยกว่า 15,000 บาท",นักเรียน/นักศึกษา
หญิง,36-45 ปี,สมรส,"ช้อปปิ้งออนไลน์,ตรวจสอบการขนส่ง,แชทลูกค้า",LINE,1-3 ชั่วโมง,จำเป็น,Samsung,ความน่าเชื่อถือ,4,การคืนสินค้ายุ่งยาก,"30,001-50,000 บาท",แม่บ้าน
Lgbtq+,18-25 ปี,โสด,"ถ่ายภาพศิลปะ,ตัดต่อวีดีโอ,อัปโหลดสตอรี่,VSCO",5-6 ชั่วโมง,จำเป็นมากที่สุด,Vivo,คุณภาพเซ็นเซอร์,5,ไม่มี,"20,001-30,000 บาท",ศิลปิน
ชาย,46-55 ปี,สมรส,"อ่านข่าว,ตรวจหุ้น,การเงิน,ตลาดหลักทรัพย์",0-1 ชั่วโมง,ไม่สำคัญ,Oppo,ความเรียบง่าย,3,ระบบล้าสมัย,"100,001-150,000 บาท",นักลงทุน
หญิง,56 ปีขึ้นไป,สมรส,"พูดคุยครอบครัว,อ่านหนังสืออิเล็กทรอนิกส์,ฟังวิทยุ",Facebook,0-1 ชั่วโมง,ไม่สำคัญ,Other,ราคา,2,ไม่มี,"น้อยกว่า 15,000 บาท",เกษียณ
ชาย,26-35 ปี,โสด,"ถ่ายภาพสินค้า,ตัดต่อรีวิว,ตลาดออนไลน์",Shopee,3-5 ชั่วโมง,จำเป็น,XIAOMI,ความคุ้มค่า,4,กล้องไม่คมชัด,"25,001-35,000 บาท",ผู้ขายออนไลน์
หญิง,18-25 ปี,นักเรียน/นักศึกษา,"ติ๊กต็อก,ไลฟ์สตรีม,ค้นหาข้อมูล",TikTok,มากกว่า 5 ชั่วโมง,จำเป็นมากที่สุด,Apple,แบรนด์,5,พื้นที่เก็บข้อมูลไม่พอ,"น้อยกว่า 15,000 บาท",นักเรียน/นักศึกษา
ชาย,36-45 ปี,สมรส,"นำทางGPS,ตรวจสอบสภาพรถ,ฟังพอดแคสต์",Google Maps,1-3 ชั่วโมง,จำเป็น,Samsung,ความทนทาน,4,หน้าจอมีจุดตาย,"50,001-100,000 บาท",พนักงานขับส่ง
หญิง,26-35 ปี,โสด,"ประชุมออนไลน์,จัดการตารางงาน,อีเมล",Microsoft Teams,3-5 ชั่วโมง,จำเป็นมากที่สุด,Apple,ระบบนิเวศอุปกรณ์,5,ราคาสูง,"50,001-100,000 บาท",ผู้จัดการ
ชาย,18-25 ปี,นักเรียน/นักศึกษา,"เล่นเกมEsports,สตรีมเกม,แชทชุมชน",Discord,มากกว่า 5 ชั่วโมง,จำเป็นมากที่สุด,Realme,ประสิทธิภาพ,4,เครื่องร้อนบ่อย,"น้อยกว่า 15,000 บาท",นักเรียน/นักศึกษา
หญิง,36-45 ปี,สมรส,"ช้อปปิ้งออนไลน์,ตรวจสอบการขนส่ง,แชทลูกค้า",LINE,1-3 ชั่วโมง,จำเป็น,Samsung,ความน่าเชื่อถือ,4,การคืนสินค้ายุ่งยาก,"30,001-50,000 บาท",แม่บ้าน
Lgbtq+,18-25 ปี,โสด,"ถ่ายภาพศิลปะ,ตัดต่อวีดีโอ,อัปโหลดสตอรี่,VSCO",5-6 ชั่วโมง,จำเป็นมากที่สุด,Vivo,คุณภาพเซ็นเซอร์,5,ไม่มี,"20,001-30,000 บาท",ศิลปิน
ชาย,46-55 ปี,สมรส,"อ่านข่าว,ตรวจหุ้น,การเงิน,ตลาดหลักทรัพย์",0-1 ชั่วโมง,ไม่สำคัญ,Oppo,ความเรียบง่าย,3,ระบบล้าสมัย,"100,001-150,000 บาท",นักลงทุน
หญิง,56 ปีขึ้นไป,สมรส,"พูดคุยครอบครัว,อ่านหนังสืออิเล็กทรอนิกส์,ฟังวิทยุ",Facebook,0-1 ชั่วโมง,ไม่สำคัญ,Other,ราคา,2,ไม่มี,"น้อยกว่า 15,000 บาท",เกษียณ
ชาย,26-35 ปี,โสด,"ถ่ายภาพสินค้า,ตัดต่อรีวิว,ตลาดออนไลน์",Shopee,3-5 ชั่วโมง,จำเป็น,XIAOMI,ความคุ้มค่า,4,กล้องไม่คมชัด,"25,001-35,000 บาท",ผู้ขายออนไลน์
หญิง,18-25 ปี,นักเรียน/นักศึกษา,"ติ๊กต็อก,ไลฟ์สตรีม,ค้นหาข้อมูล",TikTok,มากกว่า 5 ชั่วโมง,จำเป็นมากที่สุด,Apple,แบรนด์,5,พื้นที่เก็บข้อมูลไม่พอ,"น้อยกว่า 15,000 บาท",นักเรียน/นักศึกษา
ชาย,36-45 ปี,สมรส,"นำทางGPS,ตรวจสอบสภาพรถ,ฟังพอดแคสต์",Google Maps,1-3 ชั่วโมง,จำเป็น,Samsung,ความทนทาน,4,หน้าจอมีจุดตาย,"50,001-100,000 บาท",พนักงานขับส่ง
หญิง,26-35 ปี,โสด,"ประชุมออนไลน์,จัดการตารางงาน,อีเมล",Microsoft Teams,3-5 ชั่วโมง,จำเป็นมากที่สุด,Apple,ระบบนิเวศอุปกรณ์,5,ราคาสูง,"50,001-100,000 บาท",ผู้จัดการ
ชาย,18-25 ปี,นักเรียน/นักศึกษา,"เล่นเกมEsports,สตรีมเกม,แชทชุมชน",Discord,มากกว่า 5 ชั่วโมง,จำเป็นมากที่สุด,Realme,ประสิทธิภาพ,4,เครื่องร้อนบ่อย,"น้อยกว่า 15,000 บาท",นักเรียน/นักศึกษา
หญิง,36-45 ปี,สมรส,"ช้อปปิ้งออนไลน์,ตรวจสอบการขนส่ง,แชทลูกค้า",LINE,1-3 ชั่วโมง,จำเป็น,Samsung,ความน่าเชื่อถือ,4,การคืนสินค้ายุ่งยาก,"30,001-50,000 บาท",แม่บ้าน
Lgbtq+,18-25 ปี,โสด,"ถ่ายภาพศิลปะ,ตัดต่อวีดีโอ,อัปโหลดสตอรี่,VSCO",5-6 ชั่วโมง,จำเป็นมากที่สุด,Vivo,คุณภาพเซ็นเซอร์,5,ไม่มี,"20,001-30,000 บาท",ศิลปิน
ชาย,46-55 ปี,สมรส,"อ่านข่าว,ตรวจหุ้น,การเงิน,ตลาดหลักทรัพย์",0-1 ชั่วโมง,ไม่สำคัญ,Oppo,ความเรียบง่าย,3,ระบบล้าสมัย,"100,001-150,000 บาท",นักลงทุน
หญิง,56 ปีขึ้นไป,สมรส,"พูดคุยครอบครัว,อ่านหนังสืออิเล็กทรอนิกส์,ฟังวิทยุ",Facebook,0-1 ชั่วโมง,ไม่สำคัญ,Other,ราคา,2,ไม่มี,"น้อยกว่า 15,000 บาท",เกษียณ
ชาย,26-35 ปี,โสด,"ถ่ายภาพสินค้า,ตัดต่อรีวิว,ตลาดออนไลน์",Shopee,3-5 ชั่วโมง,จำเป็น,XIAOMI,ความคุ้มค่า,4,กล้องไม่คมชัด,"25,001-35,000 บาท",ผู้ขายออนไลน์
หญิง,18-25 ปี,นักเรียน/นักศึกษา,"ติ๊กต็อก,ไลฟ์สตรีม,ค้นหาข้อมูล",TikTok,มากกว่า 5 ชั่วโมง,จำเป็นมากที่สุด,Apple,แบรนด์,5,พื้นที่เก็บข้อมูลไม่พอ,"น้อยกว่า 15,000 บาท",นักเรียน/นักศึกษา
ชาย,36-45 ปี,สมรส,"นำทางGPS,ตรวจสอบสภาพรถ,ฟังพอดแคสต์",Google Maps,1-3 ชั่วโมง,จำเป็น,Samsung,ความทนทาน,4,หน้าจอมีจุดตาย,"50,001-100,000 บาท",พนักงานขับส่ง
หญิง,26-35 ปี,โสด,"ประชุมออนไลน์,จัดการตารางงาน,อีเมล",Microsoft Teams,3-5 ชั่วโมง,จำเป็นมากที่สุด,Apple,ระบบนิเวศอุปกรณ์,5,ราคาสูง,"50,001-100,000 บาท",ผู้จัดการ
ชาย,18-25 ปี,นักเรียน/นักศึกษา,"เล่นเกมEsports,สตรีมเกม,แชทชุมชน",Discord,มากกว่า 5 ชั่วโมง,จำเป็นมากที่สุด,Realme,ประสิทธิภาพ,4,เครื่องร้อนบ่อย,"น้อยกว่า 15,000 บาท",นักเรียน/นักศึกษา
หญิง,36-45 ปี,สมรส,"ช้อปปิ้งออนไลน์,ตรวจสอบการขนส่ง,แชทลูกค้า",LINE,1-3 ชั่วโมง,จำเป็น,Samsung,ความน่าเชื่อถือ,4,การคืนสินค้ายุ่งยาก,"30,001-50,000 บาท",แม่บ้าน
Lgbtq+,18-25 ปี,โสด,"ถ่ายภาพศิลปะ,ตัดต่อวีดีโอ,อัปโหลดสตอรี่,VSCO",5-6 ชั่วโมง,จำเป็นมากที่สุด,Vivo,คุณภาพเซ็นเซอร์,5,ไม่มี,"20,001-30,000 บาท",ศิลปิน
ชาย,46-55 ปี,สมรส,"อ่านข่าว,ตรวจหุ้น,การเงิน,ตลาดหลักทรัพย์",0-1 ชั่วโมง,ไม่สำคัญ,Oppo,ความเรียบง่าย,3,ระบบล้าสมัย,"100,001-150,000 บาท",นักลงทุน
หญิง,56 ปีขึ้นไป,สมรส,"พูดคุยครอบครัว,อ่านหนังสืออิเล็กทรอนิกส์,ฟังวิทยุ",Facebook,0-1 ชั่วโมง,ไม่สำคัญ,Other,ราคา,2,ไม่มี,"น้อยกว่า 15,000 บาท",เกษียณ
ชาย,26-35 ปี,โสด,"ถ่ายภาพสินค้า,ตัดต่อรีวิว,ตลาดออนไลน์",Shopee,3-5 ชั่วโมง,จำเป็น,XIAOMI,ความคุ้มค่า,4,กล้องไม่คมชัด,"25,001-35,000 บาท",ผู้ขายออนไลน์
หญิง,18-25 ปี,นักเรียน/นักศึกษา,"ติ๊กต็อก,ไลฟ์สตรีม,ค้นหาข้อมูล",TikTok,มากกว่า 5 ชั่วโมง,จำเป็นมากที่สุด,Apple,แบรนด์,5,พื้นที่เก็บข้อมูลไม่พอ,"น้อยกว่า 15,000 บาท",นักเรียน/นักศึกษา
ชาย,36-45 ปี,สมรส,"นำทางGPS,ตรวจสอบสภาพรถ,ฟังพอดแคสต์",Google Maps,1-3 ชั่วโมง,จำเป็น,Samsung,ความทนทาน,4,หน้าจอมีจุดตาย,"50,001-100,000 บาท",พนักงานขับส่ง
หญิง,26-35 ปี,โสด,"ประชุมออนไลน์,จัดการตารางงาน,อีเมล",Microsoft Teams,3-5 ชั่วโมง,จำเป็นมากที่สุด,Apple,ระบบนิเวศอุปกรณ์,5,ราคาสูง,"50,001-100,000 บาท",ผู้จัดการ
ชาย,18-25 ปี,นักเรียน/นักศึกษา,"เล่นเกมEsports,สตรีมเกม,แชทชุมชน",Discord,มากกว่า 5 ชั่วโมง,จำเป็นมากที่สุด,Realme,ประสิทธิภาพ,4,เครื่องร้อนบ่อย,"น้อยกว่า 15,000 บาท",นักเรียน/นักศึกษา
หญิง,36-45 ปี,สมรส,"ช้อปปิ้งออนไลน์,ตรวจสอบการขนส่ง,แชทลูกค้า",LINE,1-3 ชั่วโมง,จำเป็น,Samsung,ความน่าเชื่อถือ,4,การคืนสินค้ายุ่งยาก,"30,001-50,000 บาท",แม่บ้าน
Lgbtq+,18-25 ปี,โสด,"ถ่ายภาพศิลปะ,ตัดต่อวีดีโอ,อัปโหลดสตอรี่,VSCO",5-6 ชั่วโมง,จำเป็นมากที่สุด,Vivo,คุณภาพเซ็นเซอร์,5,ไม่มี,"20,001-30,000 บาท",ศิลปิน
ชาย,46-55 ปี,สมรส,"อ่านข่าว,ตรวจหุ้น,การเงิน,ตลาดหลักทรัพย์",0-1 ชั่วโมง,ไม่สำคัญ,Oppo,ความเรียบง่าย,3,ระบบล้าสมัย,"100,001-150,000 บาท",นักลงทุน
หญิง,56 ปีขึ้นไป,สมรส,"พูดคุยครอบครัว,อ่านหนังสืออิเล็กทรอนิกส์,ฟังวิทยุ",Facebook,0-1 ชั่วโมง,ไม่สำคัญ,Other,ราคา,2,ไม่มี,"น้อยกว่า 15,000 บาท",เกษียณ
ชาย,26-35 ปี,โสด,"ถ่ายภาพสินค้า,ตัดต่อรีวิว,ตลาดออนไลน์",Shopee,3-5 ชั่วโมง,จำเป็น,XIAOMI,ความคุ้มค่า,4,กล้องไม่คมชัด,"25,001-35,000 บาท",ผู้ขายออนไลน์
หญิง,18-25 ปี,นักเรียน/นักศึกษา,"ติ๊กต็อก,ไลฟ์สตรีม,ค้นหาข้อมูล",TikTok,มากกว่า 5 ชั่วโมง,จำเป็นมากที่สุด,Apple,แบรนด์,5,พื้นที่เก็บข้อมูลไม่พอ,"น้อยกว่า 15,000 บาท",นักเรียน/นักศึกษา
ชาย,36-45 ปี,สมรส,"นำทางGPS,ตรวจสอบสภาพรถ,ฟังพอดแคสต์",Google Maps,1-3 ชั่วโมง,จำเป็น,Samsung,ความทนทาน,4,หน้าจอมีจุดตาย,"50,001-100,000 บาท",พนักงานขับส่ง
หญิง,26-35 ปี,โสด,"ประชุมออนไลน์,จัดการตารางงาน,อีเมล",Microsoft Teams,3-5 ชั่วโมง,จำเป็นมากที่สุด,Apple,ระบบนิเวศอุปกรณ์,5,ราคาสูง,"50,001-100,000 บาท",ผู้จัดการ
ชาย,18-25 ปี,นักเรียน/นักศึกษา,"เล่นเกมEsports,สตรีมเกม,แชทชุมชน",Discord,มากกว่า 5 ชั่วโมง,จำเป็นมากที่สุด,Realme,ประสิทธิภาพ,4,เครื่องร้อนบ่อย,"น้อยกว่า 15,000 บาท",นักเรียน/นักศึกษา
หญิง,36-45 ปี,สมรส,"ช้อปปิ้งออนไลน์,ตรวจสอบการขนส่ง,แชทลูกค้า",LINE,1-3 ชั่วโมง,จำเป็น,Samsung,ความน่าเชื่อถือ,4,การคืนสินค้ายุ่งยาก,"30,001-50,000 บาท",แม่บ้าน
Lgbtq+,18-25 ปี,โสด,"ถ่ายภาพศิลปะ,ตัดต่อวีดีโอ,อัปโหลดสตอรี่,VSCO",5-6 ชั่วโมง,จำเป็นมากที่สุด,Vivo,คุณภาพเซ็นเซอร์,5,ไม่มี,"20,001-30,000 บาท",ศิลปิน
ชาย,46-55 ปี,สมรส,"อ่านข่าว,ตรวจหุ้น,การเงิน,ตลาดหลักทรัพย์",0-1 ชั่วโมง,ไม่สำคัญ,Oppo,ความเรียบง่าย,3,ระบบล้าสมัย,"100,001-150,000 บาท",นักลงทุน
หญิง,56 ปีขึ้นไป,สมรส,"พูดคุยครอบครัว,อ่านหนังสืออิเล็กทรอนิกส์,ฟังวิทยุ",Facebook,0-1 ชั่วโมง,ไม่สำคัญ,Other,ราคา,2,ไม่มี,"น้อยกว่า 15,000 บาท",เกษียณ
ชาย,26-35 ปี,โสด,"ถ่ายภาพสินค้า,ตัดต่อรีวิว,ตลาดออนไลน์",Shopee,3-5 ชั่วโมง,จำเป็น,XIAOMI,ความคุ้มค่า,4,กล้องไม่คมชัด,"25,001-35,000 บาท",ผู้ขายออนไลน์
หญิง,18-25 ปี,นักเรียน/นักศึกษา,"ติ๊กต็อก,ไลฟ์สตรีม,ค้นหาข้อมูล",TikTok,มากกว่า 5 ชั่วโมง,จำเป็นมากที่สุด,Apple,แบรนด์,5,พื้นที่เก็บข้อมูลไม่พอ,"น้อยกว่า 15,000 บาท",นักเรียน/นักศึกษา
ชาย,36-45 ปี,สมรส,"นำทางGPS,ตรวจสอบสภาพรถ,ฟังพอดแคสต์",Google Maps,1-3 ชั่วโมง,จำเป็น,Samsung,ความทนทาน,4,หน้าจอมีจุดตาย,"50,001-100,000 บาท",พนักงานขับส่ง
หญิง,26-35 ปี,โสด,"ประชุมออนไลน์,จัดการตารางงาน,อีเมล",Microsoft Teams,3-5 ชั่วโมง,จำเป็นมากที่สุด,Apple,ระบบนิเวศอุปกรณ์,5,ราคาสูง,"50,001-100,000 บาท",ผู้จัดการ
ชาย,18-25 ปี,นักเรียน/นักศึกษา,"เล่นเกมEsports,สตรีมเกม,แชทชุมชน",Discord,มากกว่า 5 ชั่วโมง,จำเป็นมากที่สุด,Realme,ประสิทธิภาพ,4,เครื่องร้อนบ่อย,"น้อยกว่า 15,000 บาท",นักเรียน/นักศึกษา
หญิง,36-45 ปี,สมรส,"ช้อปปิ้งออนไลน์,ตรวจสอบการขนส่ง,แชทลูกค้า",LINE,1-3 ชั่วโมง,จำเป็น,Samsung,ความน่าเชื่อถือ,4,การคืนสินค้ายุ่งยาก,"30,001-50,000 บาท",แม่บ้าน
Lgbtq+,18-25 ปี,โสด,"ถ่ายภาพศิลปะ,ตัดต่อวีดีโอ,อัปโหลดสตอรี่,VSCO",5-6 ชั่วโมง,จำเป็นมากที่สุด,Vivo,คุณภาพเซ็นเซอร์,5,ไม่มี,"20,001-30,000 บาท",ศิลปิน
ชาย,46-55 ปี,สมรส,"อ่านข่าว,ตรวจหุ้น,การเงิน,ตลาดหลักทรัพย์",0-1 ชั่วโมง,ไม่สำคัญ,Oppo,ความเรียบง่าย,3,ระบบล้าสมัย,"100,001-150,000 บาท",นักลงทุน
หญิง,56 ปีขึ้นไป,สมรส,"พูดคุยครอบครัว,อ่านหนังสืออิเล็กทรอนิกส์,ฟังวิทยุ",Facebook,0-1 ชั่วโมง,ไม่สำคัญ,Other,ราคา,2,ไม่มี,"น้อยกว่า 15,000 บาท",เกษียณ
ชาย,26-35 ปี,โสด,"ถ่ายภาพสินค้า,ตัดต่อรีวิว,ตลาดออนไลน์",Shopee,3-5 ชั่วโมง,จำเป็น,XIAOMI,ความคุ้มค่า,4,กล้องไม่คมชัด,"25,001-35,000 บาท",ผู้ขายออนไลน์
หญิง,18-25 ปี,นักเรียน/นักศึกษา,"ติ๊กต็อก,ไลฟ์สตรีม,ค้นหาข้อมูล",TikTok,มากกว่า 5 ชั่วโมง,จำเป็นมากที่สุด,Apple,แบรนด์,5,พื้นที่เก็บข้อมูลไม่พอ,"น้อยกว่า 15,000 บาท",นักเรียน/นักศึกษา
ชาย,36-45 ปี,สมรส,"นำทางGPS,ตรวจสอบสภาพรถ,ฟังพอดแคสต์",Google Maps,1-3 ชั่วโมง,จำเป็น,Samsung,ความทนทาน,4,หน้าจอมีจุดตาย,"50,001-100,000 บาท",พนักงานขับส่ง
หญิง,26-35 ปี,โสด,"ประชุมออนไลน์,จัดการตารางงาน,อีเมล",Microsoft Teams,3-5 ชั่วโมง,จำเป็นมากที่สุด,Apple,ระบบนิเวศอุปกรณ์,5,ราคาสูง,"50,001-100,000 บาท",ผู้จัดการ
ชาย,18-25 ปี,นักเรียน/นักศึกษา,"เล่นเกมEsports,สตรีมเกม,แชทชุมชน",Discord,มากกว่า 5 ชั่วโมง,จำเป็นมากที่สุด,Realme,ประสิทธิภาพ,4,เครื่องร้อนบ่อย,"น้อยกว่า 15,000 บาท",นักเรียน/นักศึกษา
หญิง,36-45 ปี,สมรส,"ช้อปปิ้งออนไลน์,ตรวจสอบการขนส่ง,แชทลูกค้า",LINE,1-3 ชั่วโมง,จำเป็น,Samsung,ความน่าเชื่อถือ,4,การคืนสินค้ายุ่งยาก,"30,001-50,000 บาท",แม่บ้าน
Lgbtq+,18-25 ปี,โสด,"ถ่ายภาพศิลปะ,ตัดต่อวีดีโอ,อัปโหลดสตอรี่,VSCO",5-6 ชั่วโมง,จำเป็นมากที่สุด,Vivo,คุณภาพเซ็นเซอร์,5,ไม่มี,"20,001-30,000 บาท",ศิลปิน
ชาย,46-55 ปี,สมรส,"อ่านข่าว,ตรวจหุ้น,การเงิน,ตลาดหลักทรัพย์",0-1 ชั่วโมง,ไม่สำคัญ,Oppo,ความเรียบง่าย,3,ระบบล้าสมัย,"100,001-150,000 บาท",นักลงทุน
หญิง,56 ปีขึ้นไป,สมรส,"พูดคุยครอบครัว,อ่านหนังสืออิเล็กทรอนิกส์,ฟังวิทยุ",Facebook,0-1 ชั่วโมง,ไม่สำคัญ,Other,ราคา,2,ไม่มี,"น้อยกว่า 15,000 บาท",เกษียณ
ชาย,26-35 ปี,โสด,"ถ่ายภาพสินค้า,ตัดต่อรีวิว,ตลาดออนไลน์",Shopee,3-5 ชั่วโมง,จำเป็น,XIAOMI,ความคุ้มค่า,4,กล้องไม่คมชัด,"25,001-35,000 บาท",ผู้ขายออนไลน์
หญิง,18-25 ปี,นักเรียน/นักศึกษา,"ติ๊กต็อก,ไลฟ์สตรีม,ค้นหาข้อมูล",TikTok,มากกว่า 5 ชั่วโมง,จำเป็นมากที่สุด,Apple,แบรนด์,5,พื้นที่เก็บข้อมูลไม่พอ,"น้อยกว่า 15,000 บาท",นักเรียน/นักศึกษา
ชาย,36-45 ปี,สมรส,"นำทางGPS,ตรวจสอบสภาพรถ,ฟังพอดแคสต์",Google Maps,1-3 ชั่วโมง,จำเป็น,Samsung,ความทนทาน,4,หน้าจอมีจุดตาย,"50,001-100,000 บาท",พนักงานขับส่ง
หญิง,26-35 ปี,โสด,"ประชุมออนไลน์,จัดการตารางงาน,อีเมล",Microsoft Teams,3-5 ชั่วโมง,จำเป็นมากที่สุด,Apple,ระบบนิเวศอุปกรณ์,5,ราคาสูง,"50,001-100,000 บาท",ผู้จัดการ
ชาย,18-25 ปี,นักเรียน/นักศึกษา,"เล่นเกมEsports,สตรีมเกม,แชทชุมชน",Discord,มากกว่า 5 ชั่วโมง,จำเป็นมากที่สุด,Realme,ประสิทธิภาพ,4,เครื่องร้อนบ่อย,"น้อยกว่า 15,000 บาท",นักเรียน/นักศึกษา
หญิง,36-45 ปี,สมรส,"ช้อปปิ้งออนไลน์,ตรวจสอบการขนส่ง,แชทลูกค้า",LINE,1-3 ชั่วโมง,จำเป็น,Samsung,ความน่าเชื่อถือ,4,การคืนสินค้ายุ่งยาก,"30,001-50,000 บาท",แม่บ้าน
Lgbtq+,18-25 ปี,โสด,"ถ่ายภาพศิลปะ,ตัดต่อวีดีโอ,อัปโหลดสตอรี่,VSCO",5-6 ชั่วโมง,จำเป็นมากที่สุด,Vivo,คุณภาพเซ็นเซอร์,5,ไม่มี,"20,001-30,000 บาท",ศิลปิน
ชาย,46-55 ปี,สมรส,"อ่านข่าว,ตรวจหุ้น,การเงิน,ตลาดหลักทรัพย์",0-1 ชั่วโมง,ไม่สำคัญ,Oppo,ความเรียบง่าย,3,ระบบล้าสมัย,"100,001-150,000 บาท",นักลงทุน
หญิง,56 ปีขึ้นไป,สมรส,"พูดคุยครอบครัว,อ่านหนังสืออิเล็กทรอนิกส์,ฟังวิทยุ",Facebook,0-1 ชั่วโมง,ไม่สำคัญ,Other,ราคา,2,ไม่มี,"น้อยกว่า 15,000 บาท",เกษียณ
ชาย,26-35 ปี,โสด,"ถ่ายภาพสินค้า,ตัดต่อรีวิว,ตลาดออนไลน์",Shopee,3-5 ชั่วโมง,จำเป็น,XIAOMI,ความคุ้มค่า,4,กล้องไม่คมชัด,"25,001-35,000 บาท",ผู้ขายออนไลน์
หญิง,18-25 ปี,นักเรียน/นักศึกษา,"ติ๊กต็อก,ไลฟ์สตรีม,ค้นหาข้อมูล",TikTok,มากกว่า 5 ชั่วโมง,จำเป็นมากที่สุด,Apple,แบรนด์,5,พื้นที่เก็บข้อมูลไม่พอ,"น้อยกว่า 15,000 บาท",นักเรียน/นักศึกษา
ชาย,36-45 ปี,สมรส,"นำทางGPS,ตรวจสอบสภาพรถ,ฟังพอดแคสต์",Google Maps,1-3 ชั่วโมง,จำเป็น,Samsung,ความทนทาน,4,หน้าจอมีจุดตาย,"50,001-100,000 บาท",พนักงานขับส่ง
หญิง,26-35 ปี,โสด,"ประชุมออนไลน์,จัดการตารางงาน,อีเมล",Microsoft Teams,3-5 ชั่วโมง,จำเป็นมากที่สุด,Apple,ระบบนิเวศอุปกรณ์,5,ราคาสูง,"50,001-100,000 บาท",ผู้จัดการ
ชาย,18-25 ปี,นักเรียน/นักศึกษา,"เล่นเกมEsports,สตรีมเกม,แชทชุมชน",Discord,มากกว่า 5 ชั่วโมง,จำเป็นมากที่สุด,Realme,ประสิทธิภาพ,4,เครื่องร้อนบ่อย,"น้อยกว่า 15,000 บาท",นักเรียน/นักศึกษา
หญิง,36-45 ปี,สมรส,"ช้อปปิ้งออนไลน์,ตรวจสอบการขนส่ง,แชทลูกค้า",LINE,1-3 ชั่วโมง,จำเป็น,Samsung,ความน่าเชื่อถือ,4,การคืนสินค้ายุ่งยาก,"30,001-50,000 บาท",แม่บ้าน
Lgbtq+,18-25 ปี,โสด,"ถ่ายภาพศิลปะ,ตัดต่อวีดีโอ,อัปโหลดสตอรี่,VSCO",5-6 ชั่วโมง,จำเป็นมากที่สุด,Vivo,คุณภาพเซ็นเซอร์,5,ไม่มี,"20,001-30,000 บาท",ศิลปิน
ชาย,46-55 ปี,สมรส,"อ่านข่าว,ตรวจหุ้น,การเงิน,ตลาดหลักทรัพย์",0-1 ชั่วโมง,ไม่สำคัญ,Oppo,ความเรียบง่าย,3,ระบบล้าสมัย,"100,001-150,000 บาท",นักลงทุน
หญิง,56 ปีขึ้นไป,สมรส,"พูดคุยครอบครัว,อ่านหนังสืออิเล็กทรอนิกส์,ฟังวิทยุ",Facebook,0-1 ชั่วโมง,ไม่สำคัญ,Other,ราคา,2,ไม่มี,"น้อยกว่า 15,000 บาท",เกษียณ
ชาย,26-35 ปี,โสด,"ถ่ายภาพสินค้า,ตัดต่อรีวิว,ตลาดออนไลน์",Shopee,3-5 ชั่วโมง,จำเป็น,XIAOMI,ความคุ้มค่า,4,กล้องไม่คมชัด,"25,001-35,000 บาท",ผู้ขายออนไลน์
หญิง,18-25 ปี,นักเรียน/นักศึกษา,"ติ๊กต็อก,ไลฟ์สตรีม,ค้นหาข้อมูล",TikTok,มากกว่า 5 ชั่วโมง,จำเป็นมากที่สุด,Apple,แบรนด์,5,พื้นที่เก็บข้อมูลไม่พอ,"น้อยกว่า 15,000 บาท",นักเรียน/นักศึกษา
ชาย,36-45 ปี,สมรส,"นำทางGPS,ตรวจสอบสภาพรถ,ฟังพอดแคสต์",Google Maps,1-3 ชั่วโมง,จำเป็น,Samsung,ความทนทาน,4,หน้าจอมีจุดตาย,"50,001-100,000 บาท",พนักงานขับส่ง
